CustomerID,Recency,Frequency,Monetary,Cluster,Segment,Hierarchical_Cluster
12346,311.0,1.0,8.656355735055985,1,Inactive,2
12347,1.0,7.0,8.368925174747135,2,VIPs,1
12348,74.0,4.0,7.271175422825089,0,Regular Buyers,3
12349,18.0,1.0,7.285198070516535,0,Regular Buyers,3
12350,309.0,1.0,5.68833037009728,1,Inactive,2
12352,35.0,7.0,7.234710947804242,2,VIPs,1
12353,203.0,1.0,4.499809670330265,1,Inactive,2
12354,231.0,1.0,6.985086621918461,1,Inactive,2
12355,213.0,1.0,6.132095676847728,1,Inactive,2
12356,22.0,3.0,7.819407268507752,0,Regular Buyers,3
12357,32.0,1.0,8.656355735055985,0,Regular Buyers,3
12358,1.0,2.0,6.834173322304168,0,Regular Buyers,3
12359,57.0,4.0,8.656355735055985,2,VIPs,3
12360,51.0,3.0,7.741993952455694,0,Regular Buyers,3
12361,286.0,1.0,5.169915651743512,1,Inactive,2
12362,2.0,10.0,8.463418927229844,2,VIPs,1
12363,109.0,2.0,6.315358001522335,0,Regular Buyers,2
12364,7.0,4.0,7.097631560180201,0,Regular Buyers,3
12365,290.0,1.0,5.773588348900164,1,Inactive,2
12367,3.0,1.0,5.023222409601727,0,Regular Buyers,3
12370,50.0,4.0,8.139350059656385,2,VIPs,3
12371,59.0,1.0,7.3323430446973905,0,Regular Buyers,3
12372,71.0,3.0,7.0876071218751635,0,Regular Buyers,3
12373,310.0,1.0,5.785669634128386,1,Inactive,2
12374,24.0,1.0,6.436038182589659,0,Regular Buyers,3
12375,10.0,2.0,5.936216072877503,0,Regular Buyers,3
12377,311.0,2.0,7.3454423067513295,1,Inactive,2
12378,129.0,1.0,8.29645175271804,0,Regular Buyers,3
12379,81.0,2.0,6.657034959897693,0,Regular Buyers,3
12380,21.0,4.0,7.795156704452387,0,Regular Buyers,3
12381,4.0,3.0,7.2969622705872155,0,Regular Buyers,3
12383,184.0,5.0,7.396065318710506,0,Regular Buyers,2
12384,28.0,2.0,6.055072948318093,0,Regular Buyers,3
12386,311.0,2.0,5.998688392197302,1,Inactive,2
12388,15.0,6.0,7.930803150780257,2,VIPs,1
12390,79.0,1.0,6.226220413750358,0,Regular Buyers,3
12391,21.0,1.0,6.1353267674944725,0,Regular Buyers,3
12393,71.0,4.0,7.3674560152319755,0,Regular Buyers,3
12394,63.0,2.0,6.986085752388092,0,Regular Buyers,3
12395,18.0,12.0,7.894925634639514,2,VIPs,1
12397,35.0,2.0,7.7034139204951595,0,Regular Buyers,3
12398,45.0,1.0,7.270076254047687,0,Regular Buyers,3
12399,118.0,4.0,6.941818484257838,0,Regular Buyers,3
12401,302.0,1.0,4.252771798816619,1,Inactive,2
12402,311.0,1.0,5.281171207713066,1,Inactive,2
12403,49.0,1.0,5.9730459615839635,0,Regular Buyers,3
12405,148.0,1.0,7.238058526457821,0,Regular Buyers,3
12406,21.0,2.0,8.136313373066384,0,Regular Buyers,3
12407,49.0,5.0,7.318619120998749,0,Regular Buyers,3
12408,32.0,5.0,7.870757826278248,2,VIPs,3
12409,78.0,3.0,8.656355735055985,2,VIPs,3
12410,308.0,2.0,6.281013625618804,1,Inactive,2
12412,74.0,3.0,7.042181271332972,0,Regular Buyers,3
12413,66.0,3.0,6.532479842037031,0,Regular Buyers,3
12414,216.0,3.0,6.094494849927445,1,Inactive,2
12415,23.0,13.0,8.656355735055985,2,VIPs,1
12417,2.0,9.0,8.07933918010607,2,VIPs,1
12418,112.0,1.0,6.506650650150935,0,Regular Buyers,2
12420,63.0,1.0,6.3992436425478765,0,Regular Buyers,3
12421,15.0,4.0,6.461530674400674,0,Regular Buyers,3
12422,95.0,3.0,6.5287762961097995,0,Regular Buyers,3
12423,0.0,8.0,7.399587667805565,2,VIPs,1
12424,162.0,2.0,7.474182104762846,0,Regular Buyers,3
12425,77.0,1.0,6.6569835605504535,0,Regular Buyers,3
12426,194.0,1.0,6.23779714219489,1,Inactive,2
12427,21.0,3.0,6.552222539622182,0,Regular Buyers,3
12428,25.0,8.0,8.656355735055985,2,VIPs,1
12429,8.0,4.0,8.128408193559272,2,VIPs,3
12430,42.0,1.0,5.381738974687109,0,Regular Buyers,3
12431,35.0,13.0,8.656355735055985,2,VIPs,1
12432,42.0,4.0,8.380300728145249,2,VIPs,3
12433,0.0,7.0,8.656355735055985,2,VIPs,1
12434,84.0,2.0,6.6934971352559,0,Regular Buyers,3
12435,79.0,2.0,8.656355735055985,0,Regular Buyers,3
12436,99.0,1.0,6.063808464231149,0,Regular Buyers,3
12437,1.0,13.0,8.400302007941441,2,VIPs,1
12438,13.0,2.0,7.811102605220363,0,Regular Buyers,3
12441,311.0,1.0,5.053375447772415,1,Inactive,2
12442,2.0,1.0,4.977147449935266,0,Regular Buyers,3
12444,20.0,5.0,8.315434348580858,2,VIPs,1
12445,21.0,1.0,4.361823927356363,0,Regular Buyers,3
12446,57.0,1.0,6.9110598129904375,0,Regular Buyers,3
12447,242.0,1.0,6.069559204717347,1,Inactive,2
12448,43.0,1.0,5.903862086371859,0,Regular Buyers,3
12449,21.0,4.0,8.187936063186958,2,VIPs,3
12450,155.0,2.0,5.292701627762401,1,Inactive,2
12451,10.0,5.0,8.656355735055985,2,VIPs,1
12452,16.0,1.0,5.85670382774231,0,Regular Buyers,3
12453,133.0,1.0,6.562571204258897,0,Regular Buyers,2
12454,55.0,1.0,8.168866163607964,0,Regular Buyers,3
12455,72.0,5.0,7.758273662199834,2,VIPs,3
12456,43.0,3.0,7.85633506315336,0,Regular Buyers,3
12457,65.0,6.0,7.622776469455032,2,VIPs,3
12458,70.0,2.0,6.670005575278565,0,Regular Buyers,3
12461,154.0,1.0,6.442349065407006,1,Inactive,2
12462,18.0,2.0,6.844378749137783,0,Regular Buyers,3
12463,52.0,4.0,7.091559070057242,0,Regular Buyers,3
12464,9.0,8.0,6.864899968675708,2,VIPs,1
12465,16.0,2.0,6.5267730053648965,0,Regular Buyers,3
12468,187.0,2.0,6.490025263453901,1,Inactive,2
12471,1.0,13.0,8.656355735055985,2,VIPs,1
12472,31.0,7.0,8.656355735055985,2,VIPs,1
12473,53.0,3.0,7.862200771468591,0,Regular Buyers,3
12474,16.0,13.0,8.656355735055985,2,VIPs,1
12475,53.0,1.0,6.507844715787302,0,Regular Buyers,3
12476,15.0,11.0,8.656355735055985,2,VIPs,1
12477,22.0,6.0,8.656355735055985,2,VIPs,1
12478,3.0,1.0,6.304430520719223,0,Regular Buyers,3
12479,10.0,1.0,6.161629173631305,0,Regular Buyers,3
12480,27.0,4.0,7.967845010729177,0,Regular Buyers,3
12481,22.0,10.0,8.521448126328126,2,VIPs,1
12483,16.0,8.0,7.555894633305591,2,VIPs,1
12484,34.0,4.0,8.28266508123539,2,VIPs,3
12488,9.0,3.0,7.127420788916513,0,Regular Buyers,3
12489,311.0,1.0,5.70354911409641,1,Inactive,2
12490,4.0,10.0,8.48898505661262,2,VIPs,1
12491,38.0,1.0,6.053029902766137,0,Regular Buyers,3
12492,62.0,2.0,5.43026625767732,0,Regular Buyers,3
12493,165.0,2.0,6.032462526142054,1,Inactive,2
12494,15.0,7.0,6.989427427626162,2,VIPs,1
12497,81.0,1.0,6.860768487757801,0,Regular Buyers,3
12498,20.0,3.0,5.859931157146132,0,Regular Buyers,3
12500,22.0,11.0,8.309140202645844,2,VIPs,1
12501,311.0,1.0,7.614011163815439,1,Inactive,2
12502,95.0,5.0,8.005323689665824,2,VIPs,3
12504,17.0,2.0,6.06157346225313,0,Regular Buyers,3
12506,232.0,1.0,4.310799125385514,1,Inactive,2
12507,133.0,3.0,6.960167447196852,0,Regular Buyers,3
12508,25.0,2.0,5.989637879766574,0,Regular Buyers,3
12509,283.0,1.0,5.072043922224899,1,Inactive,2
12510,142.0,2.0,6.703887255287163,0,Regular Buyers,2
12512,65.0,2.0,4.9346897371814515,0,Regular Buyers,3
12513,112.0,1.0,6.32666812217548,0,Regular Buyers,2
12514,266.0,1.0,6.926262950537876,1,Inactive,2
12515,311.0,1.0,5.633717600207914,1,Inactive,2
12516,77.0,2.0,7.07923494093117,0,Regular Buyers,3
12517,27.0,4.0,7.750976268785917,0,Regular Buyers,3
12518,0.0,5.0,7.518547497333925,2,VIPs,3
12519,63.0,1.0,5.662404770202222,0,Regular Buyers,3
12520,78.0,5.0,7.761003969434193,2,VIPs,3
12521,142.0,1.0,6.3038636220966,0,Regular Buyers,2
12522,38.0,2.0,5.060821309009427,0,Regular Buyers,3
12523,18.0,11.0,7.438836368673887,2,VIPs,1
12524,8.0,8.0,8.280640133192094,2,VIPs,1
12526,0.0,3.0,7.0678823502663235,0,Regular Buyers,3
12527,81.0,3.0,5.80426109322242,0,Regular Buyers,3
12528,8.0,6.0,7.406394954764204,2,VIPs,1
12530,59.0,4.0,7.31407335654174,0,Regular Buyers,3
12531,14.0,1.0,4.838026416156094,0,Regular Buyers,3
12532,29.0,1.0,5.752032810604912,0,Regular Buyers,3
12534,130.0,1.0,6.889774590946187,0,Regular Buyers,2
12535,91.0,2.0,6.575563866544399,0,Regular Buyers,3
12536,58.0,1.0,8.361874162668443,0,Regular Buyers,3
12538,28.0,1.0,5.899760357897641,0,Regular Buyers,3
12539,21.0,4.0,8.625033629522884,2,VIPs,3
12540,19.0,13.0,8.656355735055985,2,VIPs,1
12541,29.0,3.0,6.73599376811743,0,Regular Buyers,3
12544,35.0,1.0,5.761107541275471,0,Regular Buyers,3
12545,74.0,2.0,6.725501719876287,0,Regular Buyers,3
12546,46.0,2.0,6.930005887916956,0,Regular Buyers,3
12547,197.0,2.0,5.02912987673242,1,Inactive,2
12548,165.0,1.0,4.222444564849416,1,Inactive,2
12550,78.0,1.0,6.716388941200945,0,Regular Buyers,3
12551,311.0,1.0,5.1298987149230735,1,Inactive,2
12552,39.0,1.0,5.764626680205501,0,Regular Buyers,3
12553,7.0,10.0,8.09537916508674,2,VIPs,1
12556,49.0,2.0,6.404749004268278,0,Regular Buyers,3
12557,15.0,5.0,8.656355735055985,2,VIPs,1
12558,7.0,1.0,5.601971208509516,0,Regular Buyers,3
12559,310.0,2.0,6.266650112449227,1,Inactive,2
12560,4.0,2.0,7.559564707041543,0,Regular Buyers,3
12561,302.0,1.0,5.480013727948073,1,Inactive,2
12562,7.0,7.0,8.127623085773235,2,VIPs,1
12564,260.0,1.0,6.001167322569367,1,Inactive,2
12565,288.0,1.0,4.989888220951467,1,Inactive,2
12566,85.0,1.0,5.699272319178315,0,Regular Buyers,3
12567,22.0,10.0,8.656355735055985,2,VIPs,1
12569,1.0,13.0,8.056328474804017,2,VIPs,1
12571,39.0,2.0,6.255001200981438,0,Regular Buyers,3
12572,8.0,2.0,6.817195796723135,0,Regular Buyers,3
12573,226.0,1.0,5.08475279001415,1,Inactive,2
12574,311.0,1.0,5.211942150801291,1,Inactive,2
12576,35.0,5.0,7.182982612166326,0,Regular Buyers,3
12577,34.0,3.0,6.484406201775412,0,Regular Buyers,3
12578,20.0,2.0,7.7846854479244865,0,Regular Buyers,3
12579,77.0,1.0,5.959509375866431,0,Regular Buyers,3
12580,246.0,1.0,5.942011663388452,1,Inactive,2
12581,39.0,1.0,5.196893536410073,0,Regular Buyers,3
12582,238.0,2.0,5.864653380241595,1,Inactive,2
12583,2.0,13.0,8.656355735055985,2,VIPs,1
12584,3.0,9.0,7.720971768571505,2,VIPs,1
12585,233.0,2.0,7.509390059035975,1,Inactive,2
12586,16.0,1.0,5.2879639544685455,0,Regular Buyers,3
12587,7.0,1.0,4.653960350157523,0,Regular Buyers,3
12588,38.0,1.0,5.169915651743512,0,Regular Buyers,3
12589,28.0,2.0,6.355551950762168,0,Regular Buyers,3
12590,210.0,1.0,8.656355735055985,0,Regular Buyers,2
12591,311.0,1.0,5.913097518033877,1,Inactive,2
12592,91.0,2.0,5.9979435132056915,0,Regular Buyers,3
12593,108.0,3.0,5.9482960517066035,0,Regular Buyers,2
12594,37.0,9.0,8.073783195942843,2,VIPs,1
12596,50.0,2.0,6.112065829994569,0,Regular Buyers,3
12597,18.0,4.0,8.06972414056213,2,VIPs,3
12598,9.0,7.0,7.940256254768359,2,VIPs,1
12599,28.0,7.0,6.790749441229205,2,VIPs,1
12600,28.0,10.0,7.7458855306806695,2,VIPs,1
12601,189.0,5.0,6.190438349114987,1,Inactive,2
12602,58.0,1.0,5.037731519757957,0,Regular Buyers,3
12603,21.0,1.0,6.420320608006722,0,Regular Buyers,3
12604,78.0,2.0,5.468819346536649,0,Regular Buyers,3
12607,59.0,1.0,7.3655028587473295,0,Regular Buyers,3
12609,77.0,3.0,6.873008542652302,0,Regular Buyers,3
12610,22.0,4.0,7.466536432993263,0,Regular Buyers,3
12611,51.0,1.0,7.085332264745334,0,Regular Buyers,3
12612,73.0,1.0,6.505843849073271,0,Regular Buyers,3
12613,56.0,4.0,8.037019623205238,0,Regular Buyers,3
12614,277.0,1.0,5.757639147446912,1,Inactive,2
12615,1.0,4.0,7.646922122748847,0,Regular Buyers,3
12616,94.0,2.0,6.465055484263747,0,Regular Buyers,2
12617,28.0,1.0,5.876418387786464,0,Regular Buyers,3
12618,21.0,1.0,4.929497542636617,0,Regular Buyers,3
12619,15.0,8.0,7.988393667213353,2,VIPs,1
12620,14.0,3.0,7.17350611024579,0,Regular Buyers,3
12621,1.0,13.0,8.656355735055985,2,VIPs,1
12622,231.0,1.0,5.094363509626968,1,Inactive,2
12623,275.0,1.0,5.59879226079857,1,Inactive,2
12624,105.0,2.0,6.345864404999986,0,Regular Buyers,2
12625,211.0,2.0,7.789380029147374,1,Inactive,2
12626,22.0,9.0,8.656355735055985,2,VIPs,1
12627,10.0,6.0,8.314717089410257,2,VIPs,1
12628,3.0,3.0,6.597773063035387,0,Regular Buyers,3
12630,9.0,2.0,6.939137660210806,0,Regular Buyers,3
12631,56.0,1.0,6.17690623123818,0,Regular Buyers,3
12633,58.0,4.0,7.565782925047068,0,Regular Buyers,3
12635,89.0,2.0,7.319984128002597,0,Regular Buyers,3
12637,66.0,8.0,8.656355735055985,2,VIPs,1
12638,32.0,1.0,6.2396713740158605,0,Regular Buyers,3
12639,238.0,1.0,5.905634290502789,1,Inactive,2
12640,23.0,3.0,6.903325481902751,0,Regular Buyers,3
12641,114.0,1.0,4.989752083179832,1,Inactive,3
12642,24.0,3.0,6.809326240590764,0,Regular Buyers,3
12643,127.0,6.0,8.020480838593503,2,VIPs,3
12644,129.0,1.0,6.171512688316606,0,Regular Buyers,2
12645,33.0,4.0,7.39767182355975,0,Regular Buyers,3
12646,4.0,2.0,7.206355036031724,0,Regular Buyers,3
12647,21.0,12.0,8.054465428741132,2,VIPs,1
12648,154.0,1.0,5.707276363910457,1,Inactive,2
12649,106.0,3.0,6.346530697632295,0,Regular Buyers,2
12650,2.0,1.0,5.4948705055887155,0,Regular Buyers,3
12651,311.0,1.0,4.74493212836325,1,Inactive,2
12652,311.0,1.0,6.678316957105179,1,Inactive,2
12653,148.0,2.0,7.701132335950876,0,Regular Buyers,3
12654,10.0,5.0,6.274724355749176,0,Regular Buyers,3
12656,16.0,5.0,8.194276265043134,2,VIPs,1
12657,10.0,4.0,7.264156185376011,0,Regular Buyers,3
12658,18.0,1.0,6.450549407966262,0,Regular Buyers,3
12659,29.0,1.0,4.313212318673522,0,Regular Buyers,3
12660,10.0,1.0,5.429784129290343,0,Regular Buyers,3
12662,0.0,11.0,8.173231377802109,2,VIPs,1
12664,7.0,9.0,8.387740327417847,2,VIPs,1
12665,311.0,1.0,3.828641396489095,1,Inactive,2
12667,57.0,1.0,6.133679998904951,0,Regular Buyers,3
12668,11.0,4.0,8.064054545479339,2,VIPs,3
12669,150.0,2.0,7.264541216760826,0,Regular Buyers,3
12670,9.0,5.0,7.917554568713989,2,VIPs,3
12672,311.0,1.0,5.424509391785796,1,Inactive,2
12673,4.0,2.0,6.355273979947314,0,Regular Buyers,3
12674,38.0,4.0,7.520559706859544,0,Regular Buyers,3
12676,24.0,6.0,6.996123235401663,0,Regular Buyers,1
12678,41.0,10.0,8.656355735055985,2,VIPs,1
12679,58.0,4.0,6.8585860429740535,0,Regular Buyers,3
12680,0.0,4.0,6.674321464044161,0,Regular Buyers,3
12681,14.0,13.0,8.656355735055985,2,VIPs,1
12682,3.0,13.0,8.656355735055985,2,VIPs,1
12683,3.0,13.0,8.656355735055985,2,VIPs,1
12684,7.0,6.0,7.637538103512089,2,VIPs,1
12685,27.0,6.0,7.854024142642641,2,VIPs,1
12686,311.0,1.0,4.278608675475393,1,Inactive,2
12688,113.0,1.0,8.491836408313453,0,Regular Buyers,3
12689,25.0,2.0,7.039318485999454,0,Regular Buyers,3
12690,205.0,1.0,5.817140921425089,1,Inactive,2
12691,27.0,5.0,6.833893430383681,0,Regular Buyers,3
12693,126.0,4.0,6.569355185237995,0,Regular Buyers,3
12694,69.0,2.0,6.636825434451398,0,Regular Buyers,3
12695,6.0,4.0,6.368358698228111,0,Regular Buyers,3
12697,28.0,3.0,6.631461446990217,0,Regular Buyers,3
12700,7.0,4.0,8.417812538465107,2,VIPs,3
12701,79.0,2.0,6.58852749836457,0,Regular Buyers,3
12702,19.0,1.0,5.308267697401205,0,Regular Buyers,3
12703,70.0,1.0,5.58556184326877,0,Regular Buyers,3
12704,6.0,8.0,7.462697304744063,2,VIPs,1
12705,14.0,8.0,8.656355735055985,2,VIPs,1
12707,291.0,1.0,6.404269320519532,1,Inactive,2
12708,29.0,10.0,7.801354494736183,2,VIPs,1
12709,14.0,13.0,8.656355735055985,2,VIPs,1
12710,96.0,3.0,6.931491336658721,0,Regular Buyers,3
12712,28.0,13.0,8.276173306310655,2,VIPs,1
12713,0.0,1.0,6.679033699353866,0,Regular Buyers,3
12714,8.0,5.0,8.365407047203309,2,VIPs,1
12715,105.0,1.0,5.616261877126706,0,Regular Buyers,3
12716,3.0,2.0,6.871599464225679,0,Regular Buyers,3
12717,150.0,2.0,6.723808402070742,0,Regular Buyers,2
12718,70.0,1.0,5.31443674842792,0,Regular Buyers,3
12719,4.0,2.0,6.352542284511506,0,Regular Buyers,3
12720,2.0,13.0,8.540270842120792,2,VIPs,1
12721,31.0,6.0,7.777847086523212,2,VIPs,1
12722,84.0,4.0,6.888195222263336,0,Regular Buyers,3
12723,3.0,5.0,6.562542958862895,0,Regular Buyers,3
12724,4.0,4.0,6.829155696169494,0,Regular Buyers,3
12725,311.0,1.0,5.921042082811436,1,Inactive,2
12726,27.0,7.0,7.788253016357478,2,VIPs,1
12727,10.0,7.0,8.143720814344247,2,VIPs,1
12728,70.0,4.0,6.592126304479406,0,Regular Buyers,3
12729,113.0,1.0,6.035505355683571,0,Regular Buyers,3
12731,23.0,12.0,8.656355735055985,2,VIPs,1
12732,179.0,1.0,5.390258240246394,1,Inactive,2
12733,233.0,1.0,5.953113455724059,1,Inactive,2
12734,311.0,1.0,4.713127327493184,1,Inactive,2
12735,311.0,2.0,6.537517343525793,1,Inactive,2
12736,311.0,1.0,4.976733742420574,1,Inactive,2
12738,311.0,1.0,4.929786706232935,1,Inactive,2
12739,98.0,1.0,6.884015712099396,0,Regular Buyers,3
12740,63.0,1.0,6.060524083039477,0,Regular Buyers,3
12743,133.0,2.0,6.305234599635373,0,Regular Buyers,2
12744,55.0,4.0,8.656355735055985,2,VIPs,3
12747,1.0,11.0,8.342127645985029,2,VIPs,1
12748,0.0,13.0,8.656355735055985,2,VIPs,1
12749,3.0,5.0,8.316759801128319,2,VIPs,1
12750,128.0,1.0,5.623584199327089,0,Regular Buyers,3
12752,80.0,1.0,8.38201014985595,0,Regular Buyers,3
12753,22.0,6.0,8.656355735055985,2,VIPs,1
12754,235.0,3.0,8.010273263812737,1,Inactive,2
12755,280.0,2.0,8.246158446737232,1,Inactive,2
12756,86.0,1.0,4.72809553282539,0,Regular Buyers,3
12757,15.0,9.0,8.342887422185328,2,VIPs,1
12758,116.0,2.0,7.934724759609325,0,Regular Buyers,3
12759,51.0,3.0,7.253073984242279,0,Regular Buyers,3
12762,7.0,2.0,7.440451977566296,0,Regular Buyers,3
12763,137.0,2.0,6.204719365671822,0,Regular Buyers,2
12764,311.0,1.0,7.435367220848186,1,Inactive,2
12766,3.0,7.0,8.656355735055985,2,VIPs,1
12769,238.0,1.0,7.042810509975002,1,Inactive,2
12770,210.0,1.0,7.209673041460572,1,Inactive,2
12772,59.0,1.0,6.624689203073546,0,Regular Buyers,3
12775,16.0,5.0,7.156207838241916,0,Regular Buyers,3
12778,19.0,6.0,6.54280331770569,0,Regular Buyers,1
12779,37.0,8.0,8.289629887368429,2,VIPs,1
12781,63.0,2.0,6.669168086174074,0,Regular Buyers,3
12782,4.0,5.0,7.570402014093698,2,VIPs,3
12783,1.0,4.0,7.1677089479899445,0,Regular Buyers,3
12784,14.0,1.0,6.252712804455737,0,Regular Buyers,3
12785,311.0,1.0,5.548881513438238,1,Inactive,2
12787,9.0,3.0,6.039444859626549,0,Regular Buyers,3
12789,64.0,1.0,4.354783898280007,0,Regular Buyers,3
12790,191.0,1.0,5.690089147524199,1,Inactive,2
12791,311.0,1.0,5.185148668442399,1,Inactive,2
12792,256.0,1.0,5.845108410746636,1,Inactive,2
12793,311.0,2.0,6.136603312774221,1,Inactive,2
12794,52.0,2.0,6.758570581561217,0,Regular Buyers,3
12795,18.0,1.0,5.766694674049188,0,Regular Buyers,3
12797,311.0,1.0,5.425082167339534,1,Inactive,2
12798,9.0,3.0,8.656355735055985,2,VIPs,3
12802,186.0,1.0,5.987908230905205,1,Inactive,2
12808,36.0,3.0,6.123917233137688,0,Regular Buyers,3
12809,177.0,1.0,6.007116415046204,1,Inactive,2
12811,261.0,2.0,6.130900349348707,1,Inactive,2
12812,44.0,1.0,5.440858053330147,0,Regular Buyers,3
12814,101.0,1.0,4.4649881553882285,1,Inactive,3
12815,147.0,2.0,6.762105034532924,0,Regular Buyers,2
12816,95.0,2.0,6.116333529153851,0,Regular Buyers,2
12817,280.0,1.0,4.844501997498826,1,Inactive,2
12818,261.0,1.0,7.07587648637495,1,Inactive,2
12820,2.0,4.0,6.849426769082011,0,Regular Buyers,3
12821,213.0,1.0,4.540311613639595,1,Inactive,2
12822,70.0,2.0,6.856335660826602,0,Regular Buyers,3
12823,74.0,5.0,7.473353138595107,0,Regular Buyers,3
12824,59.0,1.0,5.986753467377863,0,Regular Buyers,3
12826,2.0,7.0,7.296901285267718,2,VIPs,1
12827,5.0,3.0,6.066456057398334,0,Regular Buyers,3
12828,2.0,6.0,6.927273552128017,0,Regular Buyers,1
12829,311.0,2.0,5.683579767338681,1,Inactive,2
12830,37.0,6.0,8.656355735055985,2,VIPs,1
12831,261.0,1.0,5.3755098623779425,1,Inactive,2
12832,31.0,2.0,5.950720674536128,0,Regular Buyers,3
12833,144.0,1.0,6.0363901104609745,1,Inactive,2
12834,282.0,1.0,5.7474165116762626,1,Inactive,2
12836,58.0,4.0,7.868583334984023,0,Regular Buyers,3
12837,172.0,1.0,4.906015244966153,1,Inactive,2
12838,33.0,2.0,6.528147958043258,0,Regular Buyers,3
12839,2.0,13.0,8.629167388389371,2,VIPs,1
12840,143.0,4.0,7.911239704558553,0,Regular Buyers,3
12841,4.0,13.0,8.299870167916959,2,VIPs,1
12842,69.0,2.0,7.0210750356778515,0,Regular Buyers,3
12843,65.0,8.0,7.440299340765267,2,VIPs,1
12844,28.0,2.0,5.789837839256022,0,Regular Buyers,3
12845,266.0,4.0,5.872371278471126,1,Inactive,2
12847,21.0,1.0,6.771408498297927,0,Regular Buyers,3
12849,30.0,2.0,6.941431805341521,0,Regular Buyers,3
12851,96.0,1.0,4.9139775400548205,0,Regular Buyers,3
12852,294.0,1.0,5.744764456377822,1,Inactive,2
12853,134.0,6.0,7.579729894309281,2,VIPs,3
12854,78.0,3.0,7.18954502572908,0,Regular Buyers,3
12855,311.0,1.0,3.66612246699132,1,Inactive,2
12856,7.0,6.0,7.687506670317465,2,VIPs,1
12857,210.0,2.0,7.009770204388867,1,Inactive,2
12863,51.0,1.0,6.258050656265029,0,Regular Buyers,3
12864,137.0,1.0,4.998022756045412,1,Inactive,2
12865,25.0,2.0,7.358340332174572,0,Regular Buyers,3
12866,282.0,1.0,6.2148480696267985,1,Inactive,2
12867,25.0,7.0,8.30346022135619,2,VIPs,1
12868,185.0,6.0,7.3827837624756185,0,Regular Buyers,2
12871,83.0,2.0,5.9444777558836455,0,Regular Buyers,3
12872,311.0,2.0,6.398545016483998,1,Inactive,2
12873,281.0,1.0,5.926926025970411,1,Inactive,2
12875,142.0,2.0,5.841310038608051,1,Inactive,2
12876,57.0,2.0,7.627554127539443,0,Regular Buyers,3
12877,3.0,12.0,7.337438090181038,2,VIPs,1
12878,235.0,2.0,6.752258693830513,1,Inactive,2
12879,44.0,3.0,6.353012598149689,0,Regular Buyers,3
12881,275.0,1.0,5.700443573390686,1,Inactive,2
12882,8.0,2.0,7.288955016552379,0,Regular Buyers,3
12883,24.0,4.0,6.5574457470395595,0,Regular Buyers,3
12884,87.0,1.0,5.736733574795887,0,Regular Buyers,3
12885,62.0,3.0,7.0700611857921905,0,Regular Buyers,3
12886,67.0,2.0,7.229403900997191,0,Regular Buyers,3
12888,213.0,2.0,5.87245576052578,1,Inactive,2
12890,23.0,1.0,5.944032210673093,0,Regular Buyers,3
12891,185.0,3.0,5.805134968916488,1,Inactive,2
12893,30.0,1.0,5.242487481587366,0,Regular Buyers,3
12895,41.0,2.0,5.923720895021463,0,Regular Buyers,3
12897,204.0,2.0,5.382198850528739,1,Inactive,2
12901,8.0,13.0,8.656355735055985,2,VIPs,1
12902,264.0,1.0,4.939354092091292,1,Inactive,2
12904,17.0,2.0,6.235547334435847,0,Regular Buyers,3
12906,11.0,5.0,7.979616254055095,2,VIPs,3
12908,175.0,2.0,6.621405651764134,1,Inactive,2
12909,39.0,5.0,7.68692876817782,2,VIPs,3
12910,22.0,8.0,8.031398334442155,2,VIPs,1
12912,2.0,5.0,7.416558859796489,0,Regular Buyers,3
12913,4.0,5.0,7.817879034084852,2,VIPs,3
12915,148.0,2.0,5.898937989430242,1,Inactive,2
12916,138.0,4.0,8.008748065349305,0,Regular Buyers,3
12917,127.0,1.0,6.38856140554563,0,Regular Buyers,2
12919,7.0,6.0,7.197577559553778,2,VIPs,1
12920,16.0,1.0,5.1073384426629,0,Regular Buyers,3
12921,8.0,13.0,8.656355735055985,2,VIPs,1
12922,160.0,1.0,6.007288682454868,1,Inactive,2
12923,63.0,1.0,5.174566559111861,0,Regular Buyers,3
12924,87.0,4.0,6.8316838420308414,0,Regular Buyers,3
12925,4.0,2.0,6.5439837854231016,0,Regular Buyers,3
12928,34.0,5.0,7.632255767200078,2,VIPs,3
12929,311.0,1.0,4.777862193806203,1,Inactive,2
12930,77.0,2.0,6.032606490439157,0,Regular Buyers,3
12931,21.0,13.0,8.656355735055985,2,VIPs,1
12933,23.0,3.0,6.411046212773516,0,Regular Buyers,3
12935,1.0,7.0,7.678650228164007,2,VIPs,1
12936,16.0,4.0,6.970636177021338,0,Regular Buyers,3
12937,14.0,4.0,7.316727563085719,0,Regular Buyers,3
12938,25.0,1.0,4.7461487792476635,0,Regular Buyers,3
12939,63.0,8.0,8.656355735055985,2,VIPs,1
12940,54.0,2.0,6.818421206622862,0,Regular Buyers,3
12942,130.0,3.0,6.529272842203859,0,Regular Buyers,2
12944,35.0,2.0,6.406071078133402,0,Regular Buyers,3
12945,287.0,1.0,6.139776787799188,1,Inactive,2
12947,143.0,6.0,7.380872805015112,2,VIPs,3
12948,15.0,7.0,7.63334544803145,2,VIPs,1
12949,30.0,8.0,8.335244365149629,2,VIPs,1
12950,1.0,3.0,7.519692404116539,0,Regular Buyers,3
12951,8.0,6.0,6.970795803683085,0,Regular Buyers,1
12952,5.0,4.0,7.236188143419333,0,Regular Buyers,3
12953,9.0,1.0,5.801665100458068,0,Regular Buyers,3
12955,0.0,11.0,8.46761631787212,2,VIPs,1
12956,305.0,1.0,4.691989877940651,1,Inactive,2
12957,9.0,8.0,8.298673931566155,2,VIPs,1
12962,6.0,2.0,5.588708266810736,0,Regular Buyers,3
12963,7.0,8.0,7.527056760684021,2,VIPs,1
12965,88.0,1.0,6.65016261231351,0,Regular Buyers,3
12966,9.0,1.0,5.0825217528963655,0,Regular Buyers,3
12967,311.0,2.0,7.415716805133478,1,Inactive,2
12968,111.0,1.0,4.919615895709087,1,Inactive,3
12970,6.0,4.0,6.116421786512366,0,Regular Buyers,3
12971,3.0,13.0,8.656355735055985,2,VIPs,1
12974,197.0,1.0,4.982235819574558,1,Inactive,2
12976,211.0,1.0,6.60610949951297,1,Inactive,2
12977,155.0,1.0,3.6948615257914836,1,Inactive,2
12980,157.0,9.0,8.656355735055985,2,VIPs,1
12981,29.0,2.0,5.922168058105326,0,Regular Buyers,3
12982,242.0,1.0,5.970087681348397,1,Inactive,2
12984,18.0,1.0,4.590056548178043,0,Regular Buyers,3
12985,0.0,2.0,7.123173063265281,0,Regular Buyers,3
12987,73.0,2.0,6.327400925897314,0,Regular Buyers,3
12988,291.0,1.0,6.284730997853663,1,Inactive,2
12989,2.0,13.0,8.656355735055985,2,VIPs,1
12990,30.0,3.0,6.017375928892483,0,Regular Buyers,3
12991,22.0,2.0,6.22408306878471,0,Regular Buyers,3
12993,22.0,4.0,6.030108170700187,0,Regular Buyers,3
12994,3.0,3.0,6.882868147474188,0,Regular Buyers,3
12995,84.0,1.0,5.358094570583897,0,Regular Buyers,3
12997,21.0,4.0,7.113052528147638,0,Regular Buyers,3
12999,195.0,3.0,6.124420774356607,1,Inactive,2
13000,106.0,3.0,6.283854271159006,0,Regular Buyers,2
13001,3.0,13.0,8.656355735055985,2,VIPs,1
13002,311.0,1.0,4.803611124661929,1,Inactive,2
13003,105.0,3.0,5.010968571886377,0,Regular Buyers,3
13004,11.0,13.0,8.640633085723934,2,VIPs,1
13005,173.0,2.0,6.243584206658709,1,Inactive,2
13006,55.0,1.0,4.413646418429337,0,Regular Buyers,3
13008,311.0,1.0,5.440120702122399,1,Inactive,2
13011,311.0,1.0,3.942552210462969,1,Inactive,2
13012,8.0,8.0,7.4162822628986245,2,VIPs,1
13013,0.0,13.0,8.478855608188903,2,VIPs,1
13014,10.0,10.0,8.151125703889235,2,VIPs,1
13015,52.0,5.0,8.115903354718549,2,VIPs,3
13016,72.0,3.0,6.673158893621945,0,Regular Buyers,3
13017,6.0,1.0,5.3230099791384085,0,Regular Buyers,3
13018,15.0,13.0,8.656355735055985,2,VIPs,1
13021,3.0,9.0,7.869929096421559,2,VIPs,1
13023,63.0,2.0,6.398428531339882,0,Regular Buyers,3
13026,0.0,5.0,6.883831370862763,0,Regular Buyers,3
13027,113.0,6.0,8.656355735055985,2,VIPs,3
13028,22.0,2.0,6.49574882283055,0,Regular Buyers,3
13029,30.0,3.0,7.129698109719828,0,Regular Buyers,3
13030,10.0,2.0,6.685211547739895,0,Regular Buyers,3
13032,51.0,2.0,6.918873244715984,0,Regular Buyers,3
13033,311.0,1.0,5.255148871146658,1,Inactive,2
13034,54.0,2.0,6.467341519456512,0,Regular Buyers,3
13035,73.0,2.0,6.827499215216475,0,Regular Buyers,3
13037,137.0,3.0,6.782271417936915,0,Regular Buyers,3
13038,79.0,3.0,6.812851016782114,0,Regular Buyers,3
13040,8.0,2.0,6.519132538569087,0,Regular Buyers,3
13043,272.0,1.0,6.248854923817375,1,Inactive,2
13044,290.0,1.0,6.330558344434147,1,Inactive,2
13045,98.0,1.0,5.724499716244923,0,Regular Buyers,3
13046,30.0,2.0,6.446211761854101,0,Regular Buyers,3
13047,56.0,9.0,8.081348254116124,2,VIPs,1
13048,13.0,4.0,7.515840091091689,0,Regular Buyers,3
13049,63.0,2.0,6.488718490843878,0,Regular Buyers,3
13050,14.0,13.0,8.656355735055985,2,VIPs,1
13052,211.0,1.0,5.8555016292920445,1,Inactive,2
13055,77.0,3.0,7.102836747411359,0,Regular Buyers,3
13058,24.0,3.0,5.607271574275358,0,Regular Buyers,3
13059,249.0,1.0,5.2171073111224935,1,Inactive,2
13060,253.0,1.0,5.731819083350057,1,Inactive,2
13061,71.0,1.0,5.519899699795292,0,Regular Buyers,3
13062,190.0,1.0,5.85214500685857,1,Inactive,2
13064,12.0,4.0,7.02152136861392,0,Regular Buyers,3
13065,311.0,1.0,5.3320422359496575,1,Inactive,2
13066,23.0,2.0,6.1565551669735745,0,Regular Buyers,3
13067,81.0,1.0,4.757547866408974,0,Regular Buyers,3
13068,9.0,2.0,5.84354441703136,0,Regular Buyers,3
13069,0.0,13.0,8.39776079631407,2,VIPs,1
13070,191.0,1.0,5.437209365414655,1,Inactive,2
13072,266.0,1.0,5.1826258920518455,1,Inactive,2
13075,129.0,1.0,6.825036493805135,0,Regular Buyers,2
13077,0.0,4.0,6.5934143287736715,0,Regular Buyers,3
13078,2.0,13.0,8.656355735055985,2,VIPs,1
13079,3.0,5.0,5.3986150878634005,0,Regular Buyers,3
13080,178.0,1.0,4.078892457663179,1,Inactive,2
13081,11.0,11.0,8.656355735055985,2,VIPs,1
13082,125.0,9.0,8.192744778040643,2,VIPs,1
13083,3.0,2.0,5.719491768361381,0,Regular Buyers,3
13085,157.0,2.0,6.0332780499213925,1,Inactive,2
13089,2.0,13.0,8.656355735055985,2,VIPs,1
13090,8.0,13.0,8.656355735055985,2,VIPs,1
13091,27.0,1.0,5.848805913370403,0,Regular Buyers,3
13092,70.0,5.0,6.171345628362577,0,Regular Buyers,3
13093,275.0,8.0,8.656355735055985,2,VIPs,1
13094,20.0,12.0,7.564404436501881,2,VIPs,1
13095,70.0,1.0,4.32280727501391,0,Regular Buyers,3
13097,32.0,10.0,8.656355735055985,2,VIPs,1
13098,0.0,13.0,8.656355735055985,2,VIPs,1
13099,98.0,1.0,5.339267352876991,0,Regular Buyers,3
13101,233.0,1.0,4.626833825624118,1,Inactive,2
13102,0.0,13.0,8.656355735055985,2,VIPs,1
13103,39.0,1.0,5.501013282593141,0,Regular Buyers,3
13104,2.0,6.0,7.0025926197429715,2,VIPs,1
13106,132.0,1.0,4.350277936359301,1,Inactive,2
13107,43.0,4.0,7.334733968170588,0,Regular Buyers,3
13108,311.0,1.0,5.8609571490281995,1,Inactive,2
13109,59.0,2.0,6.668914163060628,0,Regular Buyers,3
13110,30.0,7.0,7.306309897899894,2,VIPs,1
13113,0.0,13.0,8.656355735055985,2,VIPs,1
13115,11.0,4.0,7.7388279340332105,0,Regular Buyers,3
13116,137.0,1.0,6.218878965272838,0,Regular Buyers,2
13117,21.0,8.0,6.893565072546089,2,VIPs,1
13118,19.0,5.0,7.089084677082725,0,Regular Buyers,3
13120,238.0,1.0,3.4531571205928664,1,Inactive,2
13121,268.0,1.0,5.6515413628105104,1,Inactive,2
13122,93.0,2.0,6.828051680471256,0,Regular Buyers,3
13124,89.0,3.0,8.26031962543717,0,Regular Buyers,3
13126,4.0,8.0,7.6499973391858,2,VIPs,1
13127,77.0,1.0,5.561335263505108,0,Regular Buyers,3
13130,93.0,1.0,4.174387269895637,1,Inactive,3
13131,22.0,3.0,6.979424565672496,0,Regular Buyers,3
13132,261.0,1.0,4.360547602996757,1,Inactive,2
13133,273.0,2.0,4.707726774313183,1,Inactive,2
13134,85.0,4.0,7.4925262902571115,0,Regular Buyers,3
13135,196.0,1.0,8.038189179973203,1,Inactive,2
13136,55.0,5.0,7.866572791402729,2,VIPs,3
13137,10.0,8.0,8.202868673351237,2,VIPs,1
13138,21.0,6.0,6.870458314237744,0,Regular Buyers,1
13139,15.0,7.0,8.530294986827844,2,VIPs,1
13140,107.0,3.0,6.051430128275416,0,Regular Buyers,2
13141,84.0,5.0,7.778944036943872,2,VIPs,3
13142,18.0,1.0,5.7303919480814,0,Regular Buyers,3
13144,311.0,1.0,4.718052343044764,1,Inactive,2
13145,39.0,4.0,6.428944984648157,0,Regular Buyers,3
13146,25.0,1.0,5.437687927995845,0,Regular Buyers,3
13147,9.0,4.0,6.57060281105606,0,Regular Buyers,3
13148,28.0,12.0,8.21828028862164,2,VIPs,1
13149,13.0,4.0,7.424797539358498,0,Regular Buyers,3
13151,295.0,1.0,7.1379697721602025,1,Inactive,2
13153,5.0,1.0,6.188715766456242,0,Regular Buyers,3
13155,32.0,4.0,6.880137391945464,0,Regular Buyers,3
13157,48.0,4.0,7.462915441057162,0,Regular Buyers,3
13158,94.0,4.0,7.091792030654675,0,Regular Buyers,3
13159,8.0,4.0,7.271599462399201,0,Regular Buyers,3
13160,21.0,1.0,4.530446639792155,0,Regular Buyers,3
13161,311.0,1.0,4.7340030578310595,1,Inactive,2
13162,121.0,4.0,7.432063601299488,0,Regular Buyers,3
13165,45.0,2.0,6.929986327823459,0,Regular Buyers,3
13166,282.0,1.0,6.035959786994534,1,Inactive,2
13167,18.0,4.0,6.659716907134908,0,Regular Buyers,3
13168,35.0,4.0,7.185530944616075,0,Regular Buyers,3
13169,63.0,2.0,6.570714880987815,0,Regular Buyers,3
13170,26.0,1.0,4.7622594012308666,0,Regular Buyers,3
13171,21.0,3.0,6.151476586982076,0,Regular Buyers,3
13173,3.0,2.0,5.871131387648096,0,Regular Buyers,3
13174,15.0,3.0,7.942372898598316,0,Regular Buyers,3
13176,45.0,1.0,6.202211578085641,0,Regular Buyers,3
13177,64.0,1.0,5.6470357407703125,0,Regular Buyers,3
13178,25.0,11.0,8.652854564021988,2,VIPs,1
13182,44.0,1.0,4.805495367221621,0,Regular Buyers,3
13183,7.0,9.0,8.283691175973804,2,VIPs,1
13184,14.0,10.0,7.4391420658127085,2,VIPs,1
13185,267.0,1.0,4.282206299391671,1,Inactive,2
13186,39.0,3.0,7.363209831835215,0,Regular Buyers,3
13187,311.0,1.0,5.4681445257603025,1,Inactive,2
13188,10.0,1.0,4.750135956238277,0,Regular Buyers,3
13189,18.0,2.0,5.567122383230129,0,Regular Buyers,3
13192,94.0,2.0,6.81667016102037,0,Regular Buyers,3
13193,60.0,1.0,4.778114580969449,0,Regular Buyers,3
13194,135.0,1.0,4.122283930911342,1,Inactive,3
13196,10.0,4.0,7.4948639363112814,0,Regular Buyers,3
13198,9.0,6.0,8.132189317204716,2,VIPs,1
13199,3.0,13.0,8.656355735055985,2,VIPs,1
13200,18.0,4.0,6.769745301020691,0,Regular Buyers,3
13203,9.0,4.0,6.769021807549381,0,Regular Buyers,3
13207,14.0,2.0,5.526488259576272,0,Regular Buyers,3
13208,58.0,5.0,7.090426774540379,0,Regular Buyers,3
13209,29.0,8.0,8.656355735055985,2,VIPs,1
13210,93.0,1.0,5.8706519268912345,0,Regular Buyers,3
13211,9.0,3.0,7.088759301542255,0,Regular Buyers,3
13212,19.0,3.0,6.670867709875668,0,Regular Buyers,3
13213,56.0,5.0,7.327504547645857,0,Regular Buyers,3
13216,267.0,1.0,5.813354111085492,1,Inactive,2
13217,121.0,3.0,6.282229363019668,0,Regular Buyers,2
13218,126.0,1.0,4.153242203469586,1,Inactive,3
13220,77.0,4.0,6.7096579362724444,0,Regular Buyers,3
13221,239.0,2.0,6.740353861278561,1,Inactive,2
13223,199.0,2.0,5.101085197018328,1,Inactive,2
13224,59.0,2.0,7.675058644819247,0,Regular Buyers,3
13225,2.0,7.0,8.656355735055985,2,VIPs,1
13226,272.0,1.0,4.693272634209637,1,Inactive,2
13227,201.0,1.0,5.5556690891919835,1,Inactive,2
13228,80.0,1.0,5.883322388488279,0,Regular Buyers,3
13229,225.0,1.0,5.087287645617338,1,Inactive,2
13230,3.0,13.0,7.940217081327946,2,VIPs,1
13232,12.0,7.0,7.213768308118642,2,VIPs,1
13233,73.0,2.0,6.407077986267962,0,Regular Buyers,3
13235,211.0,1.0,6.939321773198559,1,Inactive,2
13236,24.0,2.0,6.614524507599939,0,Regular Buyers,3
13238,16.0,4.0,6.553548714657728,0,Regular Buyers,3
13239,261.0,1.0,5.800788185931274,1,Inactive,2
13240,95.0,4.0,6.476510717886486,0,Regular Buyers,3
13242,111.0,3.0,5.603593747400769,0,Regular Buyers,3
13243,202.0,1.0,6.3987114002985646,1,Inactive,2
13244,92.0,1.0,4.810068296960951,0,Regular Buyers,3
13245,50.0,1.0,6.067267510523482,0,Regular Buyers,3
13246,17.0,6.0,7.595035281264035,2,VIPs,1
13247,17.0,4.0,6.218839134950008,0,Regular Buyers,3
13248,124.0,2.0,6.145643797955656,0,Regular Buyers,2
13249,91.0,3.0,6.56865358837482,0,Regular Buyers,3
13253,156.0,2.0,6.9386723816168585,0,Regular Buyers,2
13255,8.0,2.0,5.992738734985712,0,Regular Buyers,3
13258,11.0,3.0,6.550480154971372,0,Regular Buyers,3
13259,61.0,1.0,5.681264163225599,0,Regular Buyers,3
13260,60.0,1.0,6.325469456665338,0,Regular Buyers,3
13261,268.0,2.0,6.8512907420010105,1,Inactive,2
13262,262.0,1.0,5.3047466543129405,1,Inactive,2
13263,0.0,13.0,8.656355735055985,2,VIPs,1
13265,52.0,5.0,7.653807953637001,2,VIPs,3
13266,10.0,12.0,8.251992508113439,2,VIPs,1
13267,2.0,13.0,8.416818006100614,2,VIPs,1
13268,17.0,10.0,8.06891974230721,2,VIPs,1
13269,0.0,13.0,8.584333948798262,2,VIPs,1
13270,311.0,1.0,6.3818160174060985,1,Inactive,2
13271,36.0,1.0,5.38623666458592,0,Regular Buyers,3
13272,30.0,2.0,5.626037126031348,0,Regular Buyers,3
13273,112.0,1.0,4.941499555261394,1,Inactive,3
13276,63.0,2.0,6.383388384649479,0,Regular Buyers,3
13277,15.0,4.0,5.5583712718823435,0,Regular Buyers,3
13278,40.0,1.0,6.298452800117238,0,Regular Buyers,3
13279,77.0,1.0,4.932673752626544,0,Regular Buyers,3
13280,121.0,3.0,6.704242771617076,0,Regular Buyers,3
13282,17.0,3.0,7.032747819149021,0,Regular Buyers,3
13283,59.0,2.0,4.5502915244781015,0,Regular Buyers,3
13284,311.0,1.0,5.309207849379209,1,Inactive,2
13285,22.0,4.0,7.904748193336201,0,Regular Buyers,3
13291,155.0,1.0,5.8919480330707374,1,Inactive,2
13292,38.0,2.0,6.362924649913461,0,Regular Buyers,3
13294,189.0,2.0,6.773926699344786,1,Inactive,2
13295,311.0,1.0,5.309257306586371,1,Inactive,2
13296,136.0,1.0,4.481871969643597,1,Inactive,2
13297,7.0,4.0,7.645325960844005,0,Regular Buyers,3
13298,0.0,1.0,5.8888779583328805,0,Regular Buyers,3
13299,267.0,1.0,4.966335035199676,1,Inactive,2
13300,168.0,1.0,5.921283469984221,1,Inactive,2
13301,103.0,4.0,6.398911024340616,0,Regular Buyers,3
13302,154.0,1.0,4.1705337005796475,1,Inactive,2
13304,311.0,1.0,5.7085046409915305,1,Inactive,2
13305,3.0,10.0,7.601832027360015,2,VIPs,1
13307,119.0,1.0,2.772588722239781,1,Inactive,3
13308,22.0,3.0,7.23454507743516,0,Regular Buyers,3
13309,6.0,5.0,7.2846768692730555,0,Regular Buyers,3
13310,27.0,3.0,7.032650739053453,0,Regular Buyers,3
13311,3.0,2.0,6.396212731621162,0,Regular Buyers,3
13313,21.0,5.0,7.35007933912113,0,Regular Buyers,3
13314,1.0,3.0,6.655363127308804,0,Regular Buyers,3
13316,36.0,4.0,8.656355735055985,2,VIPs,3
13317,65.0,6.0,7.729594662150938,2,VIPs,3
13318,0.0,3.0,6.464214402021743,0,Regular Buyers,3
13319,4.0,13.0,8.656355735055985,2,VIPs,1
13320,77.0,4.0,7.345816642793289,0,Regular Buyers,3
13321,71.0,2.0,6.342755020769874,0,Regular Buyers,3
13322,16.0,1.0,5.300714491147758,0,Regular Buyers,3
13323,2.0,5.0,6.670576188703463,0,Regular Buyers,3
13324,35.0,10.0,8.656355735055985,2,VIPs,1
13325,81.0,1.0,6.516636764580894,0,Regular Buyers,3
13327,38.0,8.0,8.196649026863438,2,VIPs,1
13328,311.0,1.0,7.177385390826169,1,Inactive,2
13329,31.0,2.0,6.672032945461067,0,Regular Buyers,3
13330,92.0,3.0,7.040475092365302,0,Regular Buyers,3
13332,13.0,1.0,5.863347044327539,0,Regular Buyers,3
13334,81.0,3.0,8.17126599722425,0,Regular Buyers,3
13336,76.0,1.0,6.67974992825102,0,Regular Buyers,3
13338,157.0,1.0,6.190356388619899,1,Inactive,2
13339,200.0,1.0,6.758233867538541,1,Inactive,2
13340,44.0,7.0,8.656355735055985,2,VIPs,1
13341,260.0,1.0,6.65524728153801,1,Inactive,2
13343,177.0,1.0,5.870510865261174,1,Inactive,2
13344,67.0,3.0,7.841775903285653,0,Regular Buyers,3
13345,287.0,1.0,5.967427969279741,1,Inactive,2
13347,69.0,1.0,5.835862815013409,0,Regular Buyers,3
13348,63.0,1.0,5.458563715690134,0,Regular Buyers,3
13349,10.0,1.0,5.514718236994854,0,Regular Buyers,3
13350,15.0,2.0,6.887675013147945,0,Regular Buyers,3
13351,65.0,1.0,5.926766013169045,0,Regular Buyers,3
13352,59.0,1.0,5.988911290320265,0,Regular Buyers,3
13354,70.0,1.0,6.612753146812557,0,Regular Buyers,3
13355,121.0,1.0,6.515749190558129,0,Regular Buyers,2
13356,79.0,1.0,6.645403014442646,0,Regular Buyers,3
13357,256.0,1.0,6.415015122762531,1,Inactive,2
13358,268.0,1.0,6.086842906406214,1,Inactive,2
13359,63.0,1.0,6.088046644954226,0,Regular Buyers,3
13362,8.0,4.0,8.036489318202769,2,VIPs,3
13363,17.0,2.0,6.901234061991872,0,Regular Buyers,3
13364,70.0,1.0,4.9123607248279155,0,Regular Buyers,3
13365,33.0,2.0,7.708127735453272,0,Regular Buyers,3
13366,49.0,1.0,4.045854353061666,0,Regular Buyers,3
13368,256.0,2.0,6.436791188641277,1,Inactive,2
13369,311.0,1.0,5.734247015460021,1,Inactive,2
13370,311.0,1.0,6.62786940372116,1,Inactive,2
13372,89.0,1.0,5.939223435262291,0,Regular Buyers,3
13373,60.0,3.0,8.105684859760789,0,Regular Buyers,3
13375,88.0,1.0,6.658845101030894,0,Regular Buyers,3
13376,98.0,3.0,6.928302726869797,0,Regular Buyers,3
13379,25.0,3.0,6.351862551846838,0,Regular Buyers,3
13381,31.0,6.0,8.199824121839633,2,VIPs,1
13382,280.0,1.0,5.411601408001375,1,Inactive,2
13384,30.0,7.0,8.331569388203366,2,VIPs,1
13385,311.0,1.0,6.283331600299074,1,Inactive,2
13388,130.0,2.0,6.519294769689797,0,Regular Buyers,2
13389,10.0,3.0,6.683310881934879,0,Regular Buyers,3
13390,74.0,1.0,6.30093257288162,0,Regular Buyers,3
13391,203.0,1.0,4.107589788972121,1,Inactive,2
13394,1.0,8.0,7.832418860516229,2,VIPs,1
13395,184.0,1.0,5.7324347172293635,1,Inactive,2
13396,28.0,2.0,7.216702144538598,0,Regular Buyers,3
13397,72.0,5.0,7.342863328186895,0,Regular Buyers,3
13398,191.0,1.0,6.127611266781323,1,Inactive,2
13402,126.0,2.0,6.433309799308897,0,Regular Buyers,2
13403,17.0,1.0,4.330733340286331,0,Regular Buyers,3
13404,0.0,2.0,5.5353243745214,0,Regular Buyers,3
13405,203.0,2.0,6.325165088986836,1,Inactive,2
13408,1.0,13.0,8.656355735055985,2,VIPs,1
13410,23.0,5.0,6.911807059422235,0,Regular Buyers,3
13411,106.0,1.0,5.368542811437534,0,Regular Buyers,3
13414,133.0,3.0,7.238137580965946,0,Regular Buyers,3
13416,43.0,2.0,6.570182436916891,0,Regular Buyers,3
13417,4.0,2.0,6.4643234711171225,0,Regular Buyers,3
13418,11.0,13.0,8.656355735055985,2,VIPs,1
13419,63.0,1.0,5.40294761562612,0,Regular Buyers,3
13420,149.0,2.0,5.080472253685035,1,Inactive,2
13421,39.0,2.0,7.518379177787013,0,Regular Buyers,3
13422,63.0,1.0,7.8737119818711125,0,Regular Buyers,3
13425,107.0,3.0,7.393392317183492,0,Regular Buyers,3
13426,0.0,10.0,8.200376120238847,2,VIPs,1
13427,18.0,3.0,6.369215816648631,0,Regular Buyers,3
13428,9.0,1.0,5.391215548914767,0,Regular Buyers,3
13429,10.0,4.0,6.915525016246498,0,Regular Buyers,3
13430,18.0,2.0,6.5227543440063265,0,Regular Buyers,3
13431,66.0,2.0,7.146850916510274,0,Regular Buyers,3
13434,73.0,2.0,6.282715244436788,0,Regular Buyers,3
13435,4.0,7.0,8.245618036642021,2,VIPs,1
13436,1.0,1.0,5.287711320760812,0,Regular Buyers,3
13437,13.0,7.0,8.134191872452362,2,VIPs,1
13439,254.0,1.0,5.651471118359793,1,Inactive,2
13441,91.0,1.0,5.69588470252906,0,Regular Buyers,3
13447,22.0,3.0,7.030096797837492,0,Regular Buyers,3
13448,16.0,6.0,8.17198652044002,2,VIPs,1
13449,23.0,1.0,5.679762968811981,0,Regular Buyers,3
13450,26.0,6.0,7.623016139787193,2,VIPs,1
13451,25.0,5.0,7.998721746041357,2,VIPs,3
13452,258.0,2.0,6.3818160174060985,1,Inactive,2
13453,165.0,2.0,5.880477118918353,1,Inactive,2
13455,24.0,2.0,6.965401351674954,0,Regular Buyers,3
13456,17.0,6.0,7.477445859614847,2,VIPs,1
13458,6.0,13.0,8.656355735055985,2,VIPs,1
13460,28.0,2.0,5.217324207338505,0,Regular Buyers,3
13461,38.0,3.0,7.27655640271871,0,Regular Buyers,3
13462,252.0,1.0,5.0271645960474665,1,Inactive,2
13464,57.0,1.0,6.515719591185634,0,Regular Buyers,3
13466,183.0,1.0,5.733017599924536,1,Inactive,2
13467,10.0,2.0,6.989067949142608,0,Regular Buyers,3
13468,1.0,13.0,8.64926827413607,2,VIPs,1
13470,98.0,2.0,5.111987788356544,0,Regular Buyers,3
13471,0.0,4.0,7.836993824962504,0,Regular Buyers,3
13473,60.0,2.0,6.048884037975468,0,Regular Buyers,3
13474,235.0,1.0,5.440641241760233,1,Inactive,2
13475,190.0,4.0,7.2673718919667785,1,Inactive,2
13476,178.0,2.0,7.122439147874555,1,Inactive,2
13477,37.0,6.0,7.283159725605137,2,VIPs,1
13479,200.0,2.0,5.71026144075391,1,Inactive,2
13481,45.0,5.0,7.498626071957096,0,Regular Buyers,3
13482,231.0,1.0,5.223809314372975,1,Inactive,2
13483,65.0,1.0,4.951168335262708,0,Regular Buyers,3
13484,240.0,1.0,5.751937516543248,1,Inactive,2
13485,232.0,1.0,6.120824752413689,1,Inactive,2
13486,77.0,3.0,7.024123981607583,0,Regular Buyers,3
13487,57.0,3.0,6.356801864125367,0,Regular Buyers,3
13488,16.0,13.0,8.656355735055985,2,VIPs,1
13489,104.0,4.0,6.110402471179496,0,Regular Buyers,3
13491,51.0,10.0,7.103996177364903,2,VIPs,1
13492,135.0,3.0,7.147433378135437,0,Regular Buyers,3
13493,274.0,2.0,6.213867824487042,1,Inactive,2
13494,311.0,1.0,5.759721626980309,1,Inactive,2
13495,7.0,5.0,7.623578405880983,2,VIPs,3
13496,10.0,2.0,6.483611811351871,0,Regular Buyers,3
13497,282.0,2.0,5.855215178416411,1,Inactive,2
13499,17.0,5.0,7.056270107190766,0,Regular Buyers,3
13500,22.0,3.0,7.062851226189096,0,Regular Buyers,3
13501,287.0,1.0,7.201409482704207,1,Inactive,2
13502,16.0,3.0,5.680172609017068,0,Regular Buyers,3
13503,70.0,1.0,5.383806752563451,0,Regular Buyers,3
13504,63.0,1.0,5.693496420787701,0,Regular Buyers,3
13505,72.0,4.0,8.198262596616289,2,VIPs,3
13506,311.0,2.0,6.130182466419805,1,Inactive,2
13507,2.0,4.0,7.816078353206984,0,Regular Buyers,3
13508,243.0,1.0,4.718230978272105,1,Inactive,2
13509,8.0,6.0,6.872873937123954,0,Regular Buyers,1
13510,0.0,4.0,7.4914000447169204,0,Regular Buyers,3
13512,260.0,1.0,5.530262073815315,1,Inactive,2
13513,126.0,1.0,5.328361487896413,1,Inactive,3
13514,73.0,1.0,5.031744257306491,0,Regular Buyers,3
13515,72.0,4.0,6.793600652679757,0,Regular Buyers,3
13516,20.0,3.0,7.2373539466601775,0,Regular Buyers,3
13517,59.0,3.0,7.663604921153483,0,Regular Buyers,3
13518,85.0,1.0,6.492906279563631,0,Regular Buyers,3
13519,77.0,1.0,4.8182634014487995,0,Regular Buyers,3
13520,58.0,6.0,8.001472271884438,2,VIPs,1
13521,0.0,3.0,6.997038240635282,0,Regular Buyers,3
13522,29.0,1.0,4.842611042003125,0,Regular Buyers,3
13523,32.0,5.0,8.285483051435902,2,VIPs,1
13524,40.0,5.0,6.523826588404497,0,Regular Buyers,3
13525,14.0,2.0,6.445370552049637,0,Regular Buyers,3
13527,33.0,7.0,7.735656229758609,2,VIPs,1
13529,78.0,2.0,5.7325642760816535,0,Regular Buyers,3
13531,204.0,2.0,6.1837364347551045,1,Inactive,2
13532,33.0,1.0,5.353326249578836,0,Regular Buyers,3
13533,182.0,3.0,5.605029709281564,1,Inactive,2
13534,1.0,13.0,8.656355735055985,2,VIPs,1
13536,0.0,7.0,8.145923691744827,2,VIPs,1
13538,42.0,7.0,7.156059625954846,2,VIPs,1
13539,85.0,3.0,6.449427224173901,0,Regular Buyers,3
13544,39.0,2.0,5.678156927017229,0,Regular Buyers,3
13546,11.0,3.0,6.442524242774538,0,Regular Buyers,3
13548,95.0,2.0,6.527094972292893,0,Regular Buyers,3
13549,25.0,7.0,6.823503726534546,2,VIPs,1
13551,311.0,1.0,4.530446639792155,1,Inactive,2
13552,65.0,12.0,8.227126945747532,2,VIPs,1
13555,73.0,4.0,8.330931080828272,2,VIPs,3
13557,27.0,2.0,6.371714406075083,0,Regular Buyers,3
13558,5.0,4.0,6.406978991069148,0,Regular Buyers,3
13560,6.0,1.0,5.166898027681201,0,Regular Buyers,3
13561,215.0,1.0,4.961865129726826,1,Inactive,2
13562,81.0,3.0,7.495725260414088,0,Regular Buyers,3
13563,83.0,2.0,6.657407526177046,0,Regular Buyers,3
13564,311.0,2.0,7.089560035591211,1,Inactive,2
13565,18.0,2.0,5.485709380155097,0,Regular Buyers,3
13566,40.0,2.0,6.775034985898857,0,Regular Buyers,3
13568,172.0,1.0,5.267084664116938,1,Inactive,2
13569,16.0,2.0,5.9222484364192995,0,Regular Buyers,3
13570,242.0,1.0,5.482678508639762,1,Inactive,2
13571,12.0,12.0,7.646506601347098,2,VIPs,1
13572,205.0,1.0,7.233635907747459,1,Inactive,2
13573,49.0,2.0,5.68833037009728,0,Regular Buyers,3
13575,22.0,5.0,6.597241195280628,0,Regular Buyers,3
13576,9.0,13.0,8.656355735055985,2,VIPs,1
13577,24.0,4.0,7.4316550622354,0,Regular Buyers,3
13579,14.0,2.0,6.148553762350757,0,Regular Buyers,3
13581,308.0,1.0,4.77912349311153,1,Inactive,2
13583,155.0,1.0,6.661893102980819,0,Regular Buyers,2
13584,306.0,1.0,4.96563792816552,1,Inactive,2
13587,63.0,1.0,6.570042272924791,0,Regular Buyers,3
13588,15.0,9.0,7.815993677665464,2,VIPs,1
13589,14.0,2.0,5.941880317752221,0,Regular Buyers,3
13590,10.0,6.0,7.592325784791223,2,VIPs,1
13591,64.0,3.0,7.019412926024925,0,Regular Buyers,3
13592,35.0,4.0,5.5172922409900265,0,Regular Buyers,3
13593,107.0,5.0,7.6197634671830015,0,Regular Buyers,3
13594,52.0,1.0,5.986376625559036,0,Regular Buyers,3
13596,5.0,2.0,6.54827640771067,0,Regular Buyers,3
13598,46.0,1.0,5.199435816987919,0,Regular Buyers,3
13599,0.0,13.0,8.547658378883066,2,VIPs,1
13600,311.0,1.0,5.395988393721483,1,Inactive,2
13601,44.0,2.0,6.54293294933599,0,Regular Buyers,3
13602,64.0,1.0,6.063529362008149,0,Regular Buyers,3
13603,25.0,1.0,5.108003959824529,0,Regular Buyers,3
13606,28.0,3.0,5.640274533399819,0,Regular Buyers,3
13607,39.0,1.0,6.520635854990748,0,Regular Buyers,3
13610,11.0,7.0,7.032518341914804,2,VIPs,1
13611,88.0,3.0,7.067149331132387,0,Regular Buyers,3
13614,23.0,4.0,7.384895879352644,0,Regular Buyers,3
13615,311.0,1.0,6.037130789291114,1,Inactive,2
13617,39.0,3.0,6.301116015363744,0,Regular Buyers,3
13618,173.0,1.0,5.183691840706733,1,Inactive,2
13621,116.0,1.0,5.3699401102210045,0,Regular Buyers,3
13623,30.0,5.0,6.618445215404971,0,Regular Buyers,3
13626,252.0,1.0,5.5538506606638975,1,Inactive,2
13627,58.0,5.0,7.402128297855622,0,Regular Buyers,3
13629,22.0,11.0,8.656355735055985,2,VIPs,1
13630,4.0,7.0,7.617159593311352,2,VIPs,1
13631,99.0,11.0,8.029895274358873,2,VIPs,1
13632,24.0,5.0,7.660241549534091,2,VIPs,3
13634,32.0,5.0,7.362746788107369,0,Regular Buyers,3
13635,67.0,1.0,6.977309326313799,0,Regular Buyers,3
13636,36.0,5.0,6.856588292406893,0,Regular Buyers,3
13637,51.0,3.0,6.697342842021657,0,Regular Buyers,3
13638,15.0,1.0,4.817374117263916,0,Regular Buyers,3
13639,73.0,1.0,6.941518821134943,0,Regular Buyers,3
13642,215.0,1.0,5.874368775231734,1,Inactive,2
13643,30.0,3.0,6.254674607635275,0,Regular Buyers,3
13644,15.0,4.0,7.87293521773988,0,Regular Buyers,3
13645,119.0,1.0,5.533784667551078,0,Regular Buyers,3
13647,9.0,4.0,7.426025125637361,0,Regular Buyers,3
13649,256.0,2.0,5.851052393391237,1,Inactive,2
13650,16.0,6.0,7.516074152465826,2,VIPs,1
13651,39.0,1.0,4.384523514872469,0,Regular Buyers,3
13652,45.0,3.0,6.999495457544853,0,Regular Buyers,3
13654,42.0,6.0,7.90408748775984,2,VIPs,1
13655,113.0,2.0,6.83944431779864,0,Regular Buyers,3
13656,164.0,2.0,5.941880317752221,1,Inactive,2
13657,10.0,2.0,5.948400457636955,0,Regular Buyers,3
13658,9.0,5.0,7.878598588006555,2,VIPs,3
13659,205.0,2.0,7.36150248570835,1,Inactive,2
13662,85.0,3.0,6.80101603553803,0,Regular Buyers,3
13663,178.0,1.0,5.249494701850468,1,Inactive,2
13666,59.0,3.0,4.450269224770129,0,Regular Buyers,3
13667,148.0,1.0,5.723650459293667,1,Inactive,2
13668,2.0,13.0,8.656355735055985,2,VIPs,1
13669,50.0,2.0,5.391579997007726,0,Regular Buyers,3
13670,74.0,1.0,5.859931157146132,0,Regular Buyers,3
13672,300.0,2.0,5.233192006587575,1,Inactive,2
13673,18.0,2.0,5.986250980055095,0,Regular Buyers,3
13675,150.0,2.0,6.189946485351331,1,Inactive,2
13678,151.0,1.0,5.453610250954072,1,Inactive,2
13680,0.0,4.0,8.22239787975808,2,VIPs,3
13681,17.0,4.0,6.720015067761323,0,Regular Buyers,3
13682,186.0,1.0,4.102643365036796,1,Inactive,2
13684,285.0,1.0,4.222884350827332,1,Inactive,2
13685,2.0,7.0,8.045729296501372,2,VIPs,1
13686,182.0,1.0,4.290459441148391,1,Inactive,2
13689,62.0,1.0,6.814542897259958,0,Regular Buyers,3
13690,58.0,1.0,5.1547356380700124,0,Regular Buyers,3
13692,24.0,3.0,7.30607491892943,0,Regular Buyers,3
13694,3.0,13.0,8.656355735055985,2,VIPs,1
13695,30.0,13.0,7.826095908379989,2,VIPs,1
13697,38.0,1.0,5.025852259901116,0,Regular Buyers,3
13699,154.0,1.0,5.735216540145732,1,Inactive,2
13700,25.0,10.0,7.725824396937778,2,VIPs,1
13703,311.0,1.0,4.61015772749913,1,Inactive,2
13704,4.0,9.0,7.744595794291895,2,VIPs,1
13705,7.0,3.0,6.569285047698251,0,Regular Buyers,3
13706,302.0,1.0,5.8045022386644325,1,Inactive,2
13707,266.0,2.0,6.693831593776871,1,Inactive,2
13708,270.0,1.0,5.689953966719667,1,Inactive,2
13709,3.0,13.0,8.656355735055985,2,VIPs,1
13710,31.0,1.0,5.201145454795763,0,Regular Buyers,3
13711,218.0,2.0,5.5336266147611175,1,Inactive,2
13712,246.0,1.0,5.437383414671034,1,Inactive,2
13715,280.0,5.0,6.985031085389294,1,Inactive,2
13716,268.0,1.0,4.936486295459933,1,Inactive,2
13717,31.0,6.0,7.276563318324119,2,VIPs,1
13718,245.0,2.0,5.728637675654378,1,Inactive,2
13719,14.0,5.0,6.949549600639115,0,Regular Buyers,3
13720,116.0,4.0,6.685736095329637,0,Regular Buyers,3
13721,35.0,1.0,6.263664893709055,0,Regular Buyers,3
13722,131.0,3.0,7.773346224518516,0,Regular Buyers,3
13723,216.0,1.0,5.302558360805291,1,Inactive,2
13725,49.0,8.0,7.5916396922628975,2,VIPs,1
13726,38.0,2.0,6.985327244577021,0,Regular Buyers,3
13727,28.0,2.0,5.81257708704831,0,Regular Buyers,3
13728,36.0,6.0,6.924750046357999,0,Regular Buyers,1
13730,135.0,2.0,6.624861723262153,0,Regular Buyers,2
13731,218.0,2.0,6.416062123365316,1,Inactive,2
13732,27.0,1.0,6.200225158054739,0,Regular Buyers,3
13735,24.0,4.0,7.967709895959368,0,Regular Buyers,3
13736,4.0,2.0,6.597009266931805,0,Regular Buyers,3
13737,199.0,1.0,5.830708768228588,1,Inactive,2
13739,17.0,1.0,5.384036241950574,0,Regular Buyers,3
13740,240.0,1.0,5.862920695994498,1,Inactive,2
13741,71.0,3.0,6.50642660402637,0,Regular Buyers,3
13742,16.0,12.0,8.049433442786347,2,VIPs,1
13743,2.0,7.0,7.2023633115046515,2,VIPs,1
13744,94.0,2.0,7.053896828321335,0,Regular Buyers,3
13745,161.0,1.0,5.707243146285182,1,Inactive,2
13747,311.0,1.0,4.389498649512583,1,Inactive,2
13748,95.0,5.0,6.855672199111912,0,Regular Buyers,3
13750,53.0,5.0,7.407475465015805,0,Regular Buyers,3
13751,287.0,1.0,5.694573535570891,1,Inactive,2
13752,123.0,6.0,7.0794202555875625,0,Regular Buyers,1
13753,287.0,1.0,6.609699586102796,1,Inactive,2
13754,151.0,2.0,5.647564794657972,1,Inactive,2
13755,3.0,9.0,7.67895087223838,2,VIPs,1
13756,1.0,13.0,8.55458916381921,2,VIPs,1
13758,11.0,7.0,8.068261971187837,2,VIPs,1
13759,32.0,2.0,6.492860854269306,0,Regular Buyers,3
13760,53.0,2.0,5.662231047497966,0,Regular Buyers,3
13761,49.0,2.0,6.976954795783142,0,Regular Buyers,3
13762,218.0,1.0,5.729190278590734,1,Inactive,2
13763,62.0,1.0,7.447727969752915,0,Regular Buyers,3
13764,70.0,3.0,7.326307706636793,0,Regular Buyers,3
13767,1.0,13.0,8.656355735055985,2,VIPs,1
13769,1.0,10.0,7.936485014799888,2,VIPs,1
13771,63.0,4.0,7.876809224383177,0,Regular Buyers,3
13772,33.0,3.0,7.032738994075221,0,Regular Buyers,3
13774,81.0,1.0,5.846438775057724,0,Regular Buyers,3
13777,0.0,13.0,8.656355735055985,2,VIPs,1
13778,102.0,1.0,5.191288793789513,0,Regular Buyers,3
13780,6.0,2.0,5.888905658780245,0,Regular Buyers,3
13781,250.0,1.0,4.858571324462998,1,Inactive,2
13782,12.0,6.0,6.816735880594968,0,Regular Buyers,1
13784,9.0,11.0,7.809456093748633,2,VIPs,1
13786,311.0,1.0,5.444147814759576,1,Inactive,2
13787,75.0,2.0,5.736701321413311,0,Regular Buyers,3
13790,3.0,1.0,5.857361562584502,0,Regular Buyers,3
13791,127.0,2.0,7.324489979348532,0,Regular Buyers,3
13792,65.0,2.0,5.280916851867869,0,Regular Buyers,3
13798,0.0,13.0,8.656355735055985,2,VIPs,1
13799,116.0,2.0,6.5364886784538845,0,Regular Buyers,2
13800,309.0,1.0,6.32672176017265,1,Inactive,2
13801,66.0,1.0,5.786283696167945,0,Regular Buyers,3
13802,138.0,3.0,8.433902882657025,0,Regular Buyers,2
13803,254.0,1.0,5.627872880555851,1,Inactive,2
13804,30.0,7.0,7.8773175472322325,2,VIPs,1
13805,51.0,2.0,6.830442175879467,0,Regular Buyers,3
13806,63.0,1.0,5.550553592065519,0,Regular Buyers,3
13807,311.0,1.0,4.732683506287051,1,Inactive,2
13808,5.0,5.0,7.466605059322925,0,Regular Buyers,3
13809,304.0,1.0,5.0501764687167885,1,Inactive,2
13810,28.0,2.0,6.7196289067998105,0,Regular Buyers,3
13811,183.0,2.0,6.255270080141082,1,Inactive,2
13812,41.0,3.0,6.186208623900494,0,Regular Buyers,3
13813,39.0,4.0,7.06463936251254,0,Regular Buyers,3
13814,91.0,2.0,7.365256072504094,0,Regular Buyers,3
13815,21.0,4.0,8.20749997468902,2,VIPs,3
13816,23.0,2.0,6.215947201423421,0,Regular Buyers,3
13817,28.0,2.0,5.7990320465632985,0,Regular Buyers,3
13819,301.0,3.0,7.039967051290641,1,Inactive,2
13821,144.0,2.0,5.957494027536828,1,Inactive,2
13822,5.0,2.0,6.450470422144176,0,Regular Buyers,3
13823,18.0,2.0,6.865536476045727,0,Regular Buyers,3
13824,32.0,5.0,7.438348235303808,0,Regular Buyers,3
13826,175.0,1.0,5.249652194566756,1,Inactive,2
13827,57.0,3.0,6.023568651008515,0,Regular Buyers,3
13828,21.0,1.0,5.349438146055751,0,Regular Buyers,3
13831,15.0,6.0,7.69802463305743,2,VIPs,1
13832,18.0,1.0,3.9740583963475986,0,Regular Buyers,3
13833,158.0,1.0,5.955319100471629,1,Inactive,2
13835,24.0,4.0,6.728114126692287,0,Regular Buyers,3
13837,211.0,2.0,5.606684030192651,1,Inactive,2
13838,5.0,4.0,6.540640312882445,0,Regular Buyers,3
13841,252.0,1.0,4.454347296253507,1,Inactive,2
13842,58.0,9.0,8.127587652841866,2,VIPs,1
13844,10.0,1.0,5.893355453997662,0,Regular Buyers,3
13845,64.0,1.0,5.749329289612172,0,Regular Buyers,3
13846,24.0,3.0,6.763954190227071,0,Regular Buyers,3
13848,91.0,3.0,7.135687347028144,0,Regular Buyers,3
13849,51.0,2.0,7.338855644682132,0,Regular Buyers,3
13850,128.0,1.0,7.375556484672672,0,Regular Buyers,3
13851,95.0,3.0,7.883242790261331,0,Regular Buyers,3
13853,56.0,1.0,6.994978300240205,0,Regular Buyers,3
13854,8.0,13.0,8.656355735055985,2,VIPs,1
13856,168.0,3.0,5.964863865310803,1,Inactive,2
13858,56.0,1.0,5.38068045697316,0,Regular Buyers,3
13859,311.0,1.0,5.309059463079938,1,Inactive,2
13860,0.0,5.0,7.1284157500025405,0,Regular Buyers,3
13862,17.0,8.0,7.700910677173299,2,VIPs,1
13863,247.0,1.0,5.726130878319963,1,Inactive,2
13865,57.0,4.0,6.219715035790337,0,Regular Buyers,3
13866,73.0,1.0,4.988185165258664,0,Regular Buyers,3
13867,30.0,3.0,6.923914020481024,0,Regular Buyers,3
13868,6.0,2.0,8.068885298365506,0,Regular Buyers,3
13869,122.0,4.0,8.04107490570398,0,Regular Buyers,3
13870,1.0,8.0,7.927302715053892,2,VIPs,1
13871,22.0,13.0,8.656355735055985,2,VIPs,1
13873,119.0,3.0,5.967684018442578,0,Regular Buyers,2
13874,311.0,1.0,6.294250726074389,1,Inactive,2
13875,53.0,5.0,7.488735499171278,0,Regular Buyers,3
13876,63.0,1.0,4.8178592793984425,0,Regular Buyers,3
13877,85.0,1.0,4.772716457199891,0,Regular Buyers,3
13878,54.0,1.0,7.156589968584206,0,Regular Buyers,3
13880,20.0,13.0,8.077375740386112,2,VIPs,1
13881,3.0,13.0,8.656355735055985,2,VIPs,1
13882,2.0,5.0,7.083496902081326,0,Regular Buyers,3
13883,10.0,5.0,7.891884082485147,2,VIPs,3
13884,6.0,5.0,6.670259221443527,0,Regular Buyers,3
13885,188.0,2.0,6.230087669270578,1,Inactive,2
13886,70.0,1.0,5.499460677582579,0,Regular Buyers,3
13887,203.0,1.0,5.859503349652977,1,Inactive,2
13888,119.0,2.0,6.407919050015748,0,Regular Buyers,2
13889,92.0,1.0,6.03524216945387,0,Regular Buyers,3
13890,0.0,10.0,7.54158229904591,2,VIPs,1
13892,26.0,4.0,6.4520016347056774,0,Regular Buyers,3
13893,297.0,1.0,6.711862042158088,1,Inactive,2
13894,23.0,3.0,6.337922474636114,0,Regular Buyers,3
13895,27.0,4.0,7.860983349863101,0,Regular Buyers,3
13897,49.0,1.0,5.743515876874802,0,Regular Buyers,3
13898,311.0,1.0,5.055799846050629,1,Inactive,2
13899,15.0,2.0,5.9649152118744455,0,Regular Buyers,3
13900,182.0,3.0,6.609281855452135,1,Inactive,2
13901,71.0,5.0,7.961439934295112,2,VIPs,3
13904,36.0,2.0,5.810062567373411,0,Regular Buyers,3
13908,79.0,4.0,7.770877274716226,0,Regular Buyers,3
13911,56.0,9.0,7.856284714098846,2,VIPs,1
13914,11.0,2.0,6.441663986556317,0,Regular Buyers,3
13917,49.0,2.0,5.609618304598452,0,Regular Buyers,3
13918,49.0,2.0,7.101544167216986,0,Regular Buyers,3
13919,58.0,2.0,5.857390149940316,0,Regular Buyers,3
13922,311.0,1.0,5.1547356380700124,1,Inactive,2
13923,53.0,1.0,5.864000425598742,0,Regular Buyers,3
13924,1.0,6.0,7.517439325540823,2,VIPs,1
13925,92.0,4.0,6.520989248306457,0,Regular Buyers,3
13926,22.0,1.0,5.415433513216716,0,Regular Buyers,3
13927,74.0,1.0,5.857904582646717,0,Regular Buyers,3
13928,10.0,4.0,6.143262461351643,0,Regular Buyers,3
13929,168.0,2.0,6.737737716644347,1,Inactive,2
13930,57.0,2.0,5.824051307047146,0,Regular Buyers,3
13931,95.0,2.0,7.121680471486267,0,Regular Buyers,3
13932,294.0,1.0,5.731397641689174,1,Inactive,2
13933,108.0,2.0,6.413114635600407,0,Regular Buyers,2
13934,263.0,1.0,6.8277375709961055,1,Inactive,2
13936,179.0,1.0,5.933782466766897,1,Inactive,2
13937,168.0,1.0,5.074235875505851,1,Inactive,2
13938,34.0,1.0,4.2857910267930555,0,Regular Buyers,3
13939,22.0,3.0,6.344846575345921,0,Regular Buyers,3
13940,16.0,4.0,6.73356854461668,0,Regular Buyers,3
13941,21.0,5.0,8.539729334154528,2,VIPs,1
13946,78.0,3.0,6.332515570780452,0,Regular Buyers,3
13947,64.0,1.0,4.517431271680085,0,Regular Buyers,3
13948,311.0,1.0,4.634728988229636,1,Inactive,2
13949,2.0,6.0,7.794954939211736,2,VIPs,1
13950,10.0,4.0,6.61480602592395,0,Regular Buyers,3
13951,175.0,3.0,6.5153791354156905,1,Inactive,2
13952,217.0,2.0,8.087047303147697,1,Inactive,2
13953,6.0,7.0,8.16527264169811,2,VIPs,1
13954,1.0,2.0,6.088863453095115,0,Regular Buyers,3
13955,153.0,2.0,5.780620051380789,1,Inactive,2
13956,4.0,5.0,6.934806084458451,0,Regular Buyers,3
13959,78.0,3.0,6.3955954322030095,0,Regular Buyers,3
13960,20.0,2.0,5.443369638247176,0,Regular Buyers,3
13962,21.0,2.0,5.139028508864655,0,Regular Buyers,3
13963,307.0,4.0,6.500598741212994,1,Inactive,2
13967,145.0,1.0,4.403054001865957,1,Inactive,2
13969,6.0,13.0,8.656355735055985,2,VIPs,1
13971,18.0,8.0,7.922717806819661,2,VIPs,1
13972,70.0,2.0,5.253581472706645,0,Regular Buyers,3
13973,286.0,1.0,5.582367852765768,1,Inactive,2
13974,48.0,1.0,6.027290080077415,0,Regular Buyers,3
13975,30.0,6.0,7.834898904574059,2,VIPs,1
13976,206.0,1.0,5.8832666766299955,1,Inactive,2
13978,14.0,2.0,5.287205861793318,0,Regular Buyers,3
13979,72.0,1.0,6.769492711981713,0,Regular Buyers,3
13980,59.0,1.0,5.304001183016334,0,Regular Buyers,3
13982,38.0,4.0,7.535195255760907,0,Regular Buyers,3
13983,29.0,12.0,7.864969120264265,2,VIPs,1
13984,26.0,5.0,6.8260136289229445,0,Regular Buyers,3
13985,3.0,13.0,8.656355735055985,2,VIPs,1
13986,16.0,1.0,5.7728731191409945,0,Regular Buyers,3
13988,19.0,6.0,8.330612979409075,2,VIPs,1
13989,65.0,2.0,7.144470319606423,0,Regular Buyers,3
13990,212.0,1.0,5.7439642642890325,1,Inactive,2
13991,11.0,6.0,6.752235328798619,0,Regular Buyers,1
13992,29.0,1.0,4.354141431184346,0,Regular Buyers,3
13993,42.0,9.0,8.151148776464021,2,VIPs,1
13994,3.0,6.0,7.746793407219949,2,VIPs,1
13995,14.0,5.0,7.240427447338227,0,Regular Buyers,3
13999,9.0,12.0,8.269452085493503,2,VIPs,1
14000,210.0,1.0,6.456235761113554,1,Inactive,2
14001,45.0,3.0,7.622703089500935,0,Regular Buyers,3
14002,133.0,2.0,6.274253417348632,0,Regular Buyers,2
14004,42.0,7.0,8.430248721279204,2,VIPs,1
14005,9.0,5.0,7.964058356660503,2,VIPs,3
14006,115.0,3.0,6.870250692440862,0,Regular Buyers,3
14009,197.0,2.0,6.546225713269575,1,Inactive,2
14012,277.0,1.0,5.7984864101254985,1,Inactive,2
14013,109.0,3.0,6.161249514897758,0,Regular Buyers,2
14014,76.0,1.0,6.226892337255411,0,Regular Buyers,3
14015,52.0,1.0,6.8225676924206855,0,Regular Buyers,3
14016,161.0,4.0,8.376138714077541,2,VIPs,2
14019,46.0,3.0,7.260248491657529,0,Regular Buyers,3
14020,16.0,2.0,6.467388118864708,0,Regular Buyers,3
14021,154.0,3.0,6.45031243178126,0,Regular Buyers,2
14022,224.0,1.0,6.089044875446846,1,Inactive,2
14023,6.0,2.0,6.371731498193053,0,Regular Buyers,3
14024,121.0,2.0,5.795145480670174,0,Regular Buyers,3
14027,60.0,1.0,4.661739537475985,0,Regular Buyers,3
14029,62.0,2.0,6.149877558850261,0,Regular Buyers,3
14030,17.0,8.0,7.766878655799901,2,VIPs,1
14031,6.0,13.0,8.656355735055985,2,VIPs,1
14032,1.0,11.0,7.998533628991687,2,VIPs,1
14034,21.0,3.0,6.481301440435488,0,Regular Buyers,3
14035,28.0,5.0,7.264744173633186,0,Regular Buyers,3
14036,284.0,1.0,6.441982686264217,1,Inactive,2
14037,175.0,2.0,4.998562712861987,1,Inactive,2
14038,77.0,3.0,7.353325324586606,0,Regular Buyers,3
14039,32.0,1.0,5.0317442573064906,0,Regular Buyers,3
14040,40.0,12.0,8.193101597373525,2,VIPs,1
14041,265.0,1.0,4.958710221231336,1,Inactive,2
14044,26.0,4.0,6.48283208421685,0,Regular Buyers,3
14045,108.0,4.0,7.415024586545351,0,Regular Buyers,3
14046,283.0,1.0,5.0277545859036445,1,Inactive,2
14047,8.0,5.0,7.177484661947137,0,Regular Buyers,3
14048,304.0,1.0,6.018422883689063,1,Inactive,2
14049,16.0,4.0,8.645185270331435,2,VIPs,3
14050,31.0,2.0,6.616546996753798,0,Regular Buyers,3
14051,0.0,13.0,8.656355735055985,2,VIPs,1
14052,19.0,1.0,5.422126652274323,0,Regular Buyers,3
14053,123.0,2.0,5.565477803279021,0,Regular Buyers,3
14054,64.0,1.0,4.53753353727228,0,Regular Buyers,3
14055,105.0,1.0,6.588431169193958,0,Regular Buyers,2
14056,0.0,13.0,8.656355735055985,2,VIPs,1
14057,23.0,13.0,8.656355735055985,2,VIPs,1
14059,266.0,1.0,5.218191322068752,1,Inactive,2
14060,4.0,13.0,8.656355735055985,2,VIPs,1
14062,9.0,12.0,8.656355735055985,2,VIPs,1
14064,28.0,5.0,7.211364832983292,0,Regular Buyers,3
14066,266.0,1.0,5.034026246886832,1,Inactive,2
14067,63.0,2.0,5.928790952579924,0,Regular Buyers,3
14068,311.0,1.0,5.586686702779954,1,Inactive,2
14071,3.0,8.0,7.261927092702751,2,VIPs,1
14073,31.0,1.0,5.024143644121048,0,Regular Buyers,3
14075,4.0,3.0,6.849341960431477,0,Regular Buyers,3
14076,128.0,1.0,4.815998211579652,1,Inactive,2
14077,40.0,5.0,6.2154477458196355,0,Regular Buyers,3
14078,101.0,6.0,6.956897762032364,0,Regular Buyers,1
14079,124.0,1.0,5.929855065476291,0,Regular Buyers,3
14080,32.0,1.0,3.8416005411316,0,Regular Buyers,3
14081,301.0,2.0,6.84110252442736,1,Inactive,2
14082,311.0,1.0,5.2108513407667605,1,Inactive,2
14083,3.0,9.0,6.926998926548841,2,VIPs,1
14085,1.0,13.0,8.40055599903064,2,VIPs,1
14087,2.0,1.0,5.275151088516197,0,Regular Buyers,3
14088,9.0,13.0,8.656355735055985,2,VIPs,1
14089,56.0,1.0,5.087596335232384,0,Regular Buyers,3
14090,311.0,1.0,4.34795265434013,1,Inactive,2
14092,7.0,13.0,8.313339881248881,2,VIPs,1
14093,11.0,1.0,6.095486667514328,0,Regular Buyers,3
14096,3.0,13.0,8.656355735055985,2,VIPs,1
14098,36.0,1.0,4.99957434673683,0,Regular Buyers,3
14099,15.0,11.0,8.040823743271407,2,VIPs,1
14100,137.0,1.0,5.277604324950495,1,Inactive,2
14101,73.0,6.0,8.656355735055985,2,VIPs,1
14102,4.0,5.0,7.216180712571818,0,Regular Buyers,3
14104,154.0,2.0,5.380864627515602,1,Inactive,2
14105,238.0,1.0,7.144588695022355,1,Inactive,2
14107,51.0,7.0,7.902572492717126,2,VIPs,1
14108,30.0,2.0,6.395111336409363,0,Regular Buyers,3
14109,72.0,1.0,4.978112102390695,0,Regular Buyers,3
14110,3.0,12.0,8.645436878735076,2,VIPs,1
14111,13.0,4.0,6.54225579881702,0,Regular Buyers,3
14112,22.0,7.0,7.978019532134758,2,VIPs,1
14113,3.0,4.0,7.518292292095946,0,Regular Buyers,3
14114,273.0,2.0,5.959793265151517,1,Inactive,2
14116,19.0,5.0,7.2325452572578,0,Regular Buyers,3
14117,143.0,1.0,4.51085950651685,1,Inactive,2
14121,3.0,4.0,7.930619790211972,0,Regular Buyers,3
14124,83.0,1.0,6.041634711020558,0,Regular Buyers,3
14125,10.0,3.0,7.916234961051039,0,Regular Buyers,3
14126,7.0,3.0,6.56121452452395,0,Regular Buyers,3
14127,122.0,3.0,6.566264470368445,0,Regular Buyers,2
14128,60.0,2.0,6.459121675472594,0,Regular Buyers,3
14129,1.0,5.0,7.025413862450224,0,Regular Buyers,3
14130,311.0,1.0,6.183860189473411,1,Inactive,2
14132,1.0,11.0,8.185079841032296,2,VIPs,1
14133,129.0,3.0,6.4079355343926805,0,Regular Buyers,2
14135,1.0,13.0,8.453467140135627,2,VIPs,1
14138,1.0,2.0,6.890995617166797,0,Regular Buyers,3
14139,45.0,1.0,6.032654473932845,0,Regular Buyers,3
14140,3.0,2.0,6.841668893854277,0,Regular Buyers,3
14141,2.0,4.0,6.820158276001622,0,Regular Buyers,3
14142,311.0,1.0,5.745595977469612,1,Inactive,2
14143,133.0,1.0,4.760463070394127,1,Inactive,2
14145,46.0,4.0,8.227696139552007,2,VIPs,3
14146,8.0,5.0,8.340933226000878,2,VIPs,1
14147,77.0,2.0,6.182911011678937,0,Regular Buyers,3
14148,233.0,1.0,5.063860055333554,1,Inactive,2
14149,220.0,1.0,6.103944658191983,1,Inactive,2
14150,35.0,2.0,6.49169423166057,0,Regular Buyers,3
14152,74.0,2.0,6.433406222026163,0,Regular Buyers,3
14154,238.0,2.0,7.205353028221294,1,Inactive,2
14155,265.0,1.0,4.785406236291025,1,Inactive,2
14156,9.0,13.0,8.656355735055985,2,VIPs,1
14157,19.0,2.0,6.072767998172017,0,Regular Buyers,3
14158,39.0,1.0,6.231779816930511,0,Regular Buyers,3
14159,19.0,11.0,8.45353748048704,2,VIPs,1
14161,215.0,3.0,7.013483726944571,1,Inactive,2
14162,173.0,2.0,5.67112153241664,1,Inactive,2
14163,86.0,4.0,7.802581283035999,0,Regular Buyers,3
14164,70.0,2.0,7.398033237980444,0,Regular Buyers,3
14165,275.0,1.0,4.816564990267753,1,Inactive,2
14167,38.0,4.0,6.355829844330721,0,Regular Buyers,3
14171,97.0,1.0,5.899321845543751,0,Regular Buyers,3
14173,10.0,4.0,6.1133281348648225,0,Regular Buyers,3
14174,32.0,1.0,4.908676393786758,0,Regular Buyers,3
14175,59.0,3.0,8.078160958464125,0,Regular Buyers,3
14176,296.0,4.0,6.359400843323733,1,Inactive,2
14177,85.0,4.0,6.328668658700502,0,Regular Buyers,3
14178,8.0,7.0,7.37896443129286,2,VIPs,1
14179,40.0,2.0,6.580333958961338,0,Regular Buyers,3
14180,10.0,13.0,8.465798839290947,2,VIPs,1
14184,66.0,1.0,6.1178548779353035,0,Regular Buyers,3
14185,311.0,1.0,5.291544482260608,1,Inactive,2
14188,30.0,6.0,7.628206294069428,2,VIPs,1
14189,1.0,13.0,8.44571437538519,2,VIPs,1
14191,1.0,13.0,8.452283401366893,2,VIPs,1
14193,67.0,2.0,6.750387764017587,0,Regular Buyers,3
14194,4.0,13.0,8.656355735055985,2,VIPs,1
14195,201.0,2.0,6.920671504248683,1,Inactive,2
14196,106.0,1.0,5.818657582682613,0,Regular Buyers,3
14198,17.0,4.0,6.554503042320907,0,Regular Buyers,3
14199,217.0,1.0,5.2278949022514904,1,Inactive,2
14201,59.0,7.0,6.617991040326031,0,Regular Buyers,1
14204,1.0,1.0,5.087781503272909,0,Regular Buyers,3
14205,16.0,2.0,6.147827064731841,0,Regular Buyers,3
14206,238.0,1.0,5.796543954737512,1,Inactive,2
14208,94.0,1.0,5.0287371294602385,0,Regular Buyers,3
14209,10.0,6.0,7.637441696132993,2,VIPs,1
14210,105.0,6.0,7.553202700664662,2,VIPs,3
14211,52.0,9.0,7.715168205670426,2,VIPs,1
14212,89.0,1.0,6.976796149317125,0,Regular Buyers,3
14214,30.0,5.0,6.913120858480547,0,Regular Buyers,3
14215,11.0,6.0,7.490373052597007,2,VIPs,1
14216,2.0,4.0,7.517683880791149,0,Regular Buyers,3
14217,1.0,13.0,7.603887998382448,2,VIPs,1
14218,42.0,1.0,5.1386179877903615,0,Regular Buyers,3
14219,3.0,1.0,4.510199948396864,0,Regular Buyers,3
14220,246.0,2.0,6.45110213410454,1,Inactive,2
14221,41.0,9.0,8.141422798643111,2,VIPs,1
14222,176.0,1.0,6.528206424753791,1,Inactive,2
14223,91.0,3.0,6.89985414708588,0,Regular Buyers,3
14224,109.0,4.0,6.957611541333566,0,Regular Buyers,3
14226,28.0,5.0,7.711186335546904,2,VIPs,3
14227,25.0,10.0,8.117300528356548,2,VIPs,1
14229,51.0,3.0,7.344848244770613,0,Regular Buyers,3
14231,183.0,3.0,6.831640679513165,1,Inactive,2
14232,42.0,5.0,7.625141310661702,2,VIPs,3
14233,48.0,4.0,7.288736419398736,0,Regular Buyers,3
14234,21.0,4.0,6.654745128061633,0,Regular Buyers,3
14235,74.0,5.0,8.053842581674434,2,VIPs,3
14236,80.0,2.0,6.198194123153937,0,Regular Buyers,3
14237,311.0,1.0,5.087596335232384,1,Inactive,2
14238,311.0,1.0,4.996198246298486,1,Inactive,2
14239,42.0,11.0,7.775632775640216,2,VIPs,1
14240,29.0,2.0,6.792725948397371,0,Regular Buyers,3
14241,183.0,1.0,5.369241704884735,1,Inactive,2
14242,234.0,2.0,5.640310051700627,1,Inactive,2
14243,8.0,10.0,7.859324347661553,2,VIPs,1
14245,219.0,2.0,7.435113483382488,1,Inactive,2
14246,110.0,3.0,7.296453945912695,0,Regular Buyers,3
14247,277.0,1.0,4.925585628056507,1,Inactive,2
14248,311.0,1.0,5.715645167198713,1,Inactive,2
14250,6.0,3.0,7.552263533935522,0,Regular Buyers,3
14251,1.0,5.0,7.965788599152331,2,VIPs,3
14256,259.0,2.0,6.8773579252545485,1,Inactive,2
14257,63.0,5.0,8.039389621570026,2,VIPs,3
14258,8.0,9.0,8.656355735055985,2,VIPs,1
14259,141.0,1.0,4.795790545596741,1,Inactive,2
14261,50.0,2.0,7.060004151519799,0,Regular Buyers,3
14262,7.0,8.0,7.870635660430322,2,VIPs,1
14264,154.0,2.0,5.814040975576219,1,Inactive,2
14265,108.0,2.0,6.275100946851013,0,Regular Buyers,2
14267,162.0,3.0,7.3246481738226015,0,Regular Buyers,3
14270,311.0,1.0,6.201826764057459,1,Inactive,2
14271,225.0,1.0,4.730215674962316,1,Inactive,2
14272,73.0,2.0,6.0844082927507195,0,Regular Buyers,3
14273,50.0,4.0,6.329667428156979,0,Regular Buyers,3
14276,98.0,3.0,7.021744460399267,0,Regular Buyers,3
14277,14.0,3.0,8.338353565658553,0,Regular Buyers,3
14280,196.0,1.0,4.905571030847647,1,Inactive,2
14282,2.0,13.0,8.224254661298708,2,VIPs,1
14284,30.0,2.0,6.390660042202551,0,Regular Buyers,3
14285,20.0,4.0,7.555387177088957,0,Regular Buyers,3
14286,23.0,3.0,8.440258149942116,0,Regular Buyers,3
14287,7.0,3.0,5.179702735211794,0,Regular Buyers,3
14288,212.0,1.0,6.05818817915089,1,Inactive,2
14289,8.0,6.0,6.815925037163848,0,Regular Buyers,1
14290,10.0,5.0,7.747445704647496,2,VIPs,3
14291,1.0,11.0,8.264685193972111,2,VIPs,1
14292,7.0,9.0,8.491450677872692,2,VIPs,1
14293,2.0,4.0,6.954218929392177,0,Regular Buyers,3
14295,39.0,1.0,5.119190700650601,0,Regular Buyers,3
14297,17.0,4.0,7.174976957856922,0,Regular Buyers,3
14298,7.0,13.0,8.656355735055985,2,VIPs,1
14299,7.0,9.0,8.285669625656425,2,VIPs,1
14300,18.0,1.0,3.7887247890836524,0,Regular Buyers,3
14301,116.0,1.0,6.463247841809304,0,Regular Buyers,2
14304,222.0,1.0,5.9518137414781895,1,Inactive,2
14305,70.0,3.0,7.528310261099659,0,Regular Buyers,3
14306,50.0,2.0,7.646984197329087,0,Regular Buyers,3
14307,88.0,6.0,8.005273636192019,2,VIPs,3
14309,7.0,9.0,7.763671607732549,2,VIPs,1
14311,242.0,1.0,5.740628575776864,1,Inactive,2
14312,46.0,6.0,7.385596861065875,2,VIPs,3
14314,106.0,1.0,4.795790545596741,0,Regular Buyers,3
14315,44.0,6.0,7.816872341508149,2,VIPs,1
14317,64.0,1.0,6.233586857019973,0,Regular Buyers,3
14320,206.0,2.0,6.17126208791851,1,Inactive,2
14321,10.0,5.0,7.334166151605764,0,Regular Buyers,3
14323,114.0,2.0,6.406978991069148,0,Regular Buyers,2
14326,241.0,1.0,5.219544685382641,1,Inactive,2
14327,162.0,1.0,5.745084354013307,1,Inactive,2
14329,16.0,7.0,8.520356183877372,2,VIPs,1
14331,123.0,2.0,6.139151525006747,0,Regular Buyers,2
14332,22.0,3.0,6.7653964676596825,0,Regular Buyers,3
14333,67.0,1.0,6.031165913959534,0,Regular Buyers,3
14334,16.0,8.0,7.845106670027843,2,VIPs,1
14335,15.0,2.0,6.151156985841575,0,Regular Buyers,3
14336,16.0,4.0,7.387653544460817,0,Regular Buyers,3
14338,160.0,2.0,6.3787996283436765,1,Inactive,2
14339,242.0,1.0,5.73824831153748,1,Inactive,2
14340,218.0,1.0,4.9104465668408235,1,Inactive,2
14341,44.0,8.0,7.688583612181916,2,VIPs,1
14342,20.0,4.0,6.506620780234419,0,Regular Buyers,3
14344,126.0,8.0,6.7922658609726465,2,VIPs,1
14345,38.0,1.0,4.700298531079668,0,Regular Buyers,3
14346,120.0,2.0,6.9300841244652,0,Regular Buyers,3
14348,259.0,1.0,6.017546438106483,1,Inactive,2
14349,9.0,1.0,4.901564199041894,0,Regular Buyers,3
14350,273.0,1.0,5.6487277289070565,1,Inactive,2
14351,164.0,1.0,3.9512437185814275,1,Inactive,2
14352,156.0,4.0,6.984679282395341,0,Regular Buyers,2
14353,214.0,1.0,4.517431271680085,1,Inactive,2
14354,5.0,2.0,5.103639787544498,0,Regular Buyers,3
14355,311.0,1.0,5.1670690799380825,1,Inactive,2
14356,79.0,2.0,6.5542609856927125,0,Regular Buyers,3
14357,42.0,1.0,5.423936287972195,0,Regular Buyers,3
14359,18.0,3.0,6.816933013408364,0,Regular Buyers,3
14360,31.0,4.0,7.663515690998327,0,Regular Buyers,3
14362,21.0,1.0,5.088830141681313,0,Regular Buyers,3
14364,108.0,8.0,8.221035300483413,2,VIPs,1
14367,7.0,13.0,8.656355735055985,2,VIPs,1
14368,311.0,1.0,5.049856007249537,1,Inactive,2
14371,294.0,1.0,4.620058798481842,1,Inactive,2
14373,311.0,1.0,4.350922889622548,1,Inactive,2
14375,184.0,1.0,5.555591776578392,1,Inactive,2
14377,190.0,2.0,6.426569360333832,1,Inactive,2
14379,43.0,2.0,5.855358414110991,0,Regular Buyers,3
14381,51.0,1.0,5.316550134809097,0,Regular Buyers,3
14382,25.0,1.0,6.441058177144555,0,Regular Buyers,3
14383,37.0,3.0,7.129850280760371,0,Regular Buyers,3
14385,8.0,3.0,5.3137477042033945,0,Regular Buyers,3
14386,296.0,1.0,4.96563792816552,1,Inactive,2
14387,32.0,3.0,7.479615793333997,0,Regular Buyers,3
14388,9.0,8.0,8.07522176285542,2,VIPs,1
14389,64.0,2.0,6.9512552844279885,0,Regular Buyers,3
14390,9.0,9.0,8.445443666706893,2,VIPs,1
14393,217.0,1.0,4.233381604239311,1,Inactive,2
14395,1.0,9.0,8.163003727539861,2,VIPs,1
14396,64.0,2.0,6.19234203936802,0,Regular Buyers,3
14397,2.0,13.0,7.868621591848266,2,VIPs,1
14400,148.0,1.0,6.355586691681764,0,Regular Buyers,2
14401,3.0,13.0,8.307084318372484,2,VIPs,1
14403,129.0,4.0,7.297639635123279,0,Regular Buyers,3
14404,33.0,6.0,7.296630194396398,2,VIPs,1
14406,118.0,1.0,5.061011501421323,1,Inactive,3
14407,106.0,5.0,7.670302581424666,0,Regular Buyers,3
14408,10.0,7.0,7.866158692081993,2,VIPs,1
14409,70.0,6.0,7.630679684529584,2,VIPs,3
14410,91.0,9.0,7.007663960361716,2,VIPs,1
14411,310.0,1.0,6.96979066990159,1,Inactive,2
14412,42.0,2.0,6.647727283312172,0,Regular Buyers,3
14413,311.0,1.0,4.8178592793984425,1,Inactive,2
14414,91.0,7.0,7.311872812853191,2,VIPs,1
14415,0.0,13.0,8.656355735055985,2,VIPs,1
14416,21.0,2.0,6.1968920926164115,0,Regular Buyers,3
14418,3.0,3.0,7.569540783099068,0,Regular Buyers,3
14419,10.0,6.0,6.965137001220243,0,Regular Buyers,1
14420,98.0,1.0,5.962344648534129,0,Regular Buyers,3
14421,56.0,2.0,6.702095492007746,0,Regular Buyers,3
14422,0.0,6.0,8.358113048391361,2,VIPs,1
14423,217.0,1.0,5.5842479059610115,1,Inactive,2
14424,17.0,1.0,5.777899970574095,0,Regular Buyers,3
14426,23.0,10.0,8.407974130025062,2,VIPs,1
14427,49.0,2.0,5.898087497602683,0,Regular Buyers,3
14428,6.0,5.0,7.127557253441968,0,Regular Buyers,3
14431,302.0,1.0,6.1556221332742656,1,Inactive,2
14432,9.0,6.0,7.72157465089916,2,VIPs,1
14434,21.0,6.0,7.225335901779781,2,VIPs,1
14436,98.0,1.0,4.500476114873425,0,Regular Buyers,3
14437,311.0,1.0,4.1588830833596715,1,Inactive,2
14438,305.0,1.0,4.8895969657192,1,Inactive,2
14439,311.0,1.0,7.8869231526671975,1,Inactive,2
14440,7.0,5.0,7.765857419506838,2,VIPs,3
14441,0.0,4.0,7.446520919735376,0,Regular Buyers,3
14442,204.0,2.0,7.372004885545176,1,Inactive,2
14443,53.0,4.0,7.259256864146872,0,Regular Buyers,3
14446,0.0,4.0,6.942910045056513,0,Regular Buyers,3
14447,18.0,5.0,7.059815203273879,0,Regular Buyers,3
14448,8.0,2.0,5.930519561480541,0,Regular Buyers,3
14449,18.0,4.0,6.811354504695783,0,Regular Buyers,3
14450,180.0,3.0,6.182601302287106,1,Inactive,2
14451,59.0,2.0,6.4976644888838795,0,Regular Buyers,3
14452,10.0,2.0,5.581388826442135,0,Regular Buyers,3
14453,189.0,1.0,4.795211865797184,1,Inactive,2
14456,4.0,9.0,8.026313975459185,2,VIPs,1
14457,310.0,1.0,4.741796783519916,1,Inactive,2
14459,154.0,1.0,7.516933721754878,0,Regular Buyers,3
14460,109.0,3.0,6.076127334986691,0,Regular Buyers,2
14461,147.0,3.0,7.651438717449813,0,Regular Buyers,3
14462,65.0,11.0,7.600912459492083,2,VIPs,1
14463,97.0,3.0,6.2740461341708045,0,Regular Buyers,2
14465,246.0,3.0,6.965665632266971,1,Inactive,2
14466,28.0,7.0,7.72903178725261,2,VIPs,1
14467,17.0,4.0,6.396529575194807,0,Regular Buyers,3
14470,11.0,2.0,6.135976061950666,0,Regular Buyers,3
14472,103.0,8.0,7.569329229702976,2,VIPs,1
14473,73.0,2.0,5.461031277035783,0,Regular Buyers,3
14474,45.0,1.0,6.3074789418267985,0,Regular Buyers,3
14475,71.0,3.0,6.831791740175098,0,Regular Buyers,3
14476,256.0,1.0,5.378513908542313,1,Inactive,2
14477,19.0,4.0,7.178240326605397,0,Regular Buyers,3
14479,253.0,2.0,5.759690106594497,1,Inactive,2
14480,10.0,1.0,5.634968158655841,0,Regular Buyers,3
14481,164.0,2.0,6.457569963184063,1,Inactive,2
14482,17.0,6.0,7.63489317390932,2,VIPs,1
14483,281.0,1.0,4.9279780604152466,1,Inactive,2
14484,49.0,1.0,5.777404614526815,0,Regular Buyers,3
14485,38.0,1.0,5.1164956847957335,0,Regular Buyers,3
14487,26.0,6.0,7.08784935678574,2,VIPs,1
14488,67.0,1.0,6.97099295438666,0,Regular Buyers,3
14489,206.0,1.0,6.14070318257422,1,Inactive,2
14491,174.0,2.0,5.834606037750557,1,Inactive,2
14493,6.0,5.0,7.7766356942591806,2,VIPs,3
14494,25.0,1.0,4.945634443878841,0,Regular Buyers,3
14495,50.0,2.0,4.826712455935327,0,Regular Buyers,3
14496,311.0,2.0,6.2912172257920815,1,Inactive,2
14497,308.0,1.0,6.166194863206115,1,Inactive,2
14498,42.0,5.0,7.579842241810434,2,VIPs,3
14499,25.0,3.0,6.704806434953447,0,Regular Buyers,3
14500,87.0,3.0,5.880113904184607,0,Regular Buyers,3
14501,183.0,2.0,5.530262073815315,1,Inactive,2
14502,19.0,11.0,7.811418619873108,2,VIPs,1
14503,2.0,6.0,8.173084672465158,2,VIPs,1
14504,46.0,4.0,6.513615793203887,0,Regular Buyers,3
14505,16.0,8.0,8.656355735055985,2,VIPs,1
14506,16.0,5.0,7.607465873142059,2,VIPs,3
14507,23.0,6.0,7.2328631855243,2,VIPs,1
14508,21.0,2.0,5.625532603335144,0,Regular Buyers,3
14511,10.0,5.0,7.182207724562218,0,Regular Buyers,3
14512,187.0,2.0,5.621414844220772,1,Inactive,2
14513,100.0,3.0,6.1237858328484185,0,Regular Buyers,2
14514,60.0,3.0,6.962574848746244,0,Regular Buyers,3
14515,17.0,6.0,7.651162970792683,2,VIPs,1
14517,32.0,2.0,5.8034769686874,0,Regular Buyers,3
14518,63.0,1.0,5.166898027681201,0,Regular Buyers,3
14520,1.0,2.0,5.604330395684541,0,Regular Buyers,3
14522,23.0,4.0,6.882991163835519,0,Regular Buyers,3
14523,107.0,1.0,5.489309557845162,0,Regular Buyers,3
14524,31.0,9.0,7.532987578243441,2,VIPs,1
14525,19.0,9.0,8.374061578071412,2,VIPs,1
14527,2.0,13.0,8.656355735055985,2,VIPs,1
14528,36.0,1.0,5.900499911733888,0,Regular Buyers,3
14529,59.0,3.0,6.431395492097425,0,Regular Buyers,3
14530,25.0,6.0,7.9817025380127955,2,VIPs,1
14532,235.0,4.0,6.839315825759616,1,Inactive,2
14533,24.0,7.0,7.575953814178117,2,VIPs,1
14534,2.0,13.0,8.399850058988239,2,VIPs,1
14535,59.0,3.0,7.96038994457645,0,Regular Buyers,3
14536,259.0,1.0,5.152134856369956,1,Inactive,2
14537,57.0,1.0,5.876502528638301,0,Regular Buyers,3
14538,64.0,2.0,5.964221810714108,0,Regular Buyers,3
14539,15.0,2.0,6.288750355702458,0,Regular Buyers,3
14540,9.0,3.0,6.905011518311074,0,Regular Buyers,3
14541,58.0,8.0,7.288005137949238,2,VIPs,1
14542,185.0,1.0,4.646791860678911,1,Inactive,2
14543,28.0,13.0,8.186375338593932,2,VIPs,1
14544,23.0,2.0,7.613547177075161,0,Regular Buyers,3
14546,4.0,5.0,7.855191902519445,2,VIPs,3
14547,3.0,8.0,8.29618236422828,2,VIPs,1
14548,150.0,2.0,6.48280149429011,0,Regular Buyers,2
14549,310.0,1.0,5.670708166926772,1,Inactive,2
14550,10.0,2.0,6.6419912418312865,0,Regular Buyers,3
14551,17.0,2.0,5.232337807614061,0,Regular Buyers,3
14552,151.0,1.0,5.112409386218662,1,Inactive,2
14553,18.0,5.0,6.757246293462842,0,Regular Buyers,3
14554,9.0,4.0,7.775712542385502,0,Regular Buyers,3
14555,56.0,2.0,5.784255858806078,0,Regular Buyers,3
14557,84.0,1.0,6.671247827209794,0,Regular Buyers,3
14560,6.0,13.0,7.71368188689169,2,VIPs,1
14561,75.0,3.0,6.986344623342368,0,Regular Buyers,3
14562,3.0,13.0,8.532233516538977,2,VIPs,1
14565,95.0,4.0,8.039196099401456,0,Regular Buyers,3
14566,110.0,1.0,7.267525427828172,0,Regular Buyers,3
14567,56.0,2.0,7.3339115084475965,0,Regular Buyers,3
14569,0.0,1.0,5.431054693986231,0,Regular Buyers,3
14570,280.0,2.0,5.385457901863037,1,Inactive,2
14572,2.0,7.0,7.949387961352689,2,VIPs,1
14573,179.0,9.0,7.411205773215894,2,VIPs,1
14576,311.0,1.0,3.594568774642695,1,Inactive,2
14577,12.0,4.0,6.757757630038034,0,Regular Buyers,3
14578,2.0,1.0,5.133619594507631,0,Regular Buyers,3
14581,16.0,1.0,4.938781190328272,0,Regular Buyers,3
14582,40.0,1.0,4.74588819292697,0,Regular Buyers,3
14583,5.0,5.0,6.959920692962816,0,Regular Buyers,3
14584,168.0,4.0,6.9501057048558685,0,Regular Buyers,2
14585,49.0,1.0,5.062911438661627,0,Regular Buyers,3
14586,276.0,1.0,5.473782135878778,1,Inactive,2
14587,18.0,9.0,7.379095514571502,2,VIPs,1
14589,311.0,1.0,3.7074558396868715,1,Inactive,2
14591,14.0,4.0,7.278035253354833,0,Regular Buyers,3
14592,34.0,3.0,6.3481944895342695,0,Regular Buyers,3
14593,21.0,3.0,6.428089117465248,0,Regular Buyers,3
14594,6.0,2.0,5.942353081326715,0,Regular Buyers,3
14595,19.0,6.0,7.462559509920338,2,VIPs,1
14597,10.0,2.0,6.784626731500986,0,Regular Buyers,3
14598,43.0,1.0,5.40703723326228,0,Regular Buyers,3
14600,305.0,1.0,5.977188122189173,1,Inactive,2
14601,10.0,1.0,5.370451964307236,0,Regular Buyers,3
14603,274.0,1.0,6.493753839851687,1,Inactive,2
14606,0.0,13.0,8.656355735055985,2,VIPs,1
14607,15.0,12.0,8.656355735055985,2,VIPs,1
14608,3.0,4.0,7.48781774447192,0,Regular Buyers,3
14609,71.0,4.0,6.401187245468788,0,Regular Buyers,3
14616,242.0,3.0,6.009009726323731,1,Inactive,2
14618,8.0,3.0,6.317958595345153,0,Regular Buyers,3
14619,245.0,1.0,5.979999068998704,1,Inactive,2
14620,205.0,2.0,6.0253344316155975,1,Inactive,2
14621,0.0,5.0,7.489613293002015,2,VIPs,3
14622,184.0,1.0,5.773246346316266,1,Inactive,2
14623,31.0,5.0,6.786231505481892,0,Regular Buyers,3
14624,56.0,2.0,5.424289006109973,0,Regular Buyers,3
14625,195.0,2.0,6.803094518438584,1,Inactive,2
14626,23.0,4.0,7.934610164077709,0,Regular Buyers,3
14628,90.0,2.0,6.511685892514335,0,Regular Buyers,3
14629,3.0,2.0,6.8669437010742955,0,Regular Buyers,3
14631,50.0,3.0,6.915703607164632,0,Regular Buyers,3
14632,262.0,1.0,4.749789875598035,1,Inactive,2
14633,265.0,1.0,5.846149715943123,1,Inactive,2
14636,35.0,2.0,6.414851429850069,0,Regular Buyers,3
14638,50.0,1.0,6.097175001530096,0,Regular Buyers,3
14639,51.0,6.0,8.001519166458744,2,VIPs,1
14640,23.0,6.0,7.662035187544821,2,VIPs,1
14641,21.0,1.0,4.7136657821413905,0,Regular Buyers,3
14642,58.0,1.0,4.575947327311188,0,Regular Buyers,3
14643,169.0,2.0,6.54363842689435,1,Inactive,2
14644,67.0,2.0,6.723543937669715,0,Regular Buyers,3
14645,156.0,2.0,6.393741244298632,1,Inactive,2
14646,1.0,13.0,8.656355735055985,2,VIPs,1
14647,200.0,1.0,5.498069458404876,1,Inactive,2
14649,4.0,4.0,7.257207199581212,0,Regular Buyers,3
14651,66.0,2.0,6.485550846869675,0,Regular Buyers,3
14652,76.0,1.0,4.7464961220785264,0,Regular Buyers,3
14653,0.0,7.0,7.569721342058507,2,VIPs,1
14655,7.0,4.0,7.5669474581621285,0,Regular Buyers,3
14656,168.0,2.0,5.676925020486318,1,Inactive,2
14657,17.0,4.0,6.744318281129723,0,Regular Buyers,3
14658,4.0,2.0,5.51403340203345,0,Regular Buyers,3
14659,8.0,9.0,7.836342103110113,2,VIPs,1
14660,86.0,2.0,5.6585758818181215,0,Regular Buyers,3
14661,26.0,1.0,4.690889061390629,0,Regular Buyers,3
14662,28.0,4.0,6.649204733036604,0,Regular Buyers,3
14664,19.0,2.0,6.459732295584099,0,Regular Buyers,3
14665,60.0,5.0,7.5157257621344895,0,Regular Buyers,3
14666,23.0,1.0,5.198220750009751,0,Regular Buyers,3
14667,10.0,13.0,8.656355735055985,2,VIPs,1
14669,241.0,3.0,7.147551403337889,1,Inactive,2
14670,279.0,2.0,6.022308930402963,1,Inactive,2
14672,234.0,2.0,6.641899927756463,1,Inactive,2
14673,2.0,5.0,7.46014502182582,0,Regular Buyers,3
14675,15.0,1.0,6.406467359696635,0,Regular Buyers,3
14676,30.0,6.0,7.843550554514272,2,VIPs,1
14680,24.0,13.0,8.656355735055985,2,VIPs,1
14681,70.0,3.0,6.214508093421858,0,Regular Buyers,3
14682,187.0,2.0,3.970291913552122,1,Inactive,2
14684,25.0,5.0,7.1206707008607255,0,Regular Buyers,3
14687,106.0,1.0,6.444735207830545,0,Regular Buyers,2
14688,7.0,13.0,8.636196815185112,2,VIPs,1
14689,208.0,1.0,4.73444252169223,1,Inactive,2
14690,43.0,2.0,5.9207738064852125,0,Regular Buyers,3
14691,30.0,5.0,7.656966107678013,2,VIPs,3
14692,136.0,4.0,6.384435257634458,0,Regular Buyers,3
14693,264.0,1.0,5.158480421360237,1,Inactive,2
14696,3.0,7.0,7.640099133944896,2,VIPs,1
14697,217.0,2.0,5.2449693310461125,1,Inactive,2
14698,1.0,5.0,7.132305839993802,0,Regular Buyers,3
14699,213.0,1.0,4.701661486176853,1,Inactive,2
14700,31.0,3.0,7.712577993432672,0,Regular Buyers,3
14701,10.0,9.0,7.843993725665985,2,VIPs,1
14702,0.0,13.0,8.099596795897188,2,VIPs,1
14703,14.0,1.0,5.765723876196384,0,Regular Buyers,3
14704,19.0,7.0,7.323546884807604,2,VIPs,1
14705,198.0,1.0,5.19295685089021,1,Inactive,2
14708,2.0,3.0,7.027642765394543,0,Regular Buyers,3
14709,14.0,13.0,8.501478357695712,2,VIPs,1
14710,13.0,4.0,6.408742936168336,0,Regular Buyers,3
14711,9.0,11.0,7.961997619914306,2,VIPs,1
14712,28.0,3.0,6.822273640436711,0,Regular Buyers,3
14713,8.0,11.0,7.888844498199721,2,VIPs,1
14714,23.0,1.0,5.08258379340884,0,Regular Buyers,3
14715,24.0,4.0,6.766629406877568,0,Regular Buyers,3
14716,42.0,2.0,5.801151140384475,0,Regular Buyers,3
14719,1.0,5.0,7.379713247262653,0,Regular Buyers,3
14720,5.0,3.0,6.499501285546037,0,Regular Buyers,3
14722,146.0,1.0,5.241323645027917,1,Inactive,2
14723,9.0,6.0,7.054104175317274,2,VIPs,1
14725,24.0,1.0,6.577972617178215,0,Regular Buyers,3
14727,273.0,1.0,5.596865192310124,1,Inactive,2
14729,311.0,1.0,5.750952279132591,1,Inactive,2
14730,0.0,8.0,7.60392787834377,2,VIPs,1
14731,46.0,3.0,5.942851867187289,0,Regular Buyers,3
14732,7.0,8.0,7.902298809906397,2,VIPs,1
14733,15.0,12.0,8.656355735055985,2,VIPs,1
14735,3.0,13.0,8.656355735055985,2,VIPs,1
14737,3.0,3.0,7.060948357598531,0,Regular Buyers,3
14738,42.0,7.0,7.181934091396172,2,VIPs,1
14739,3.0,7.0,8.269572504294867,2,VIPs,1
14740,196.0,3.0,7.278773859355933,1,Inactive,2
14741,11.0,6.0,7.245184200691345,2,VIPs,1
14744,15.0,7.0,7.00395597125342,2,VIPs,1
14745,112.0,5.0,7.107638391655096,0,Regular Buyers,3
14747,248.0,1.0,5.796665468802915,1,Inactive,2
14748,28.0,5.0,7.256120795049728,0,Regular Buyers,3
14752,43.0,1.0,5.967786419753405,0,Regular Buyers,3
14753,86.0,1.0,6.335320173584455,0,Regular Buyers,3
14754,44.0,2.0,6.459982698577723,0,Regular Buyers,3
14755,9.0,11.0,8.519446650469105,2,VIPs,1
14756,14.0,1.0,6.606596130683188,0,Regular Buyers,3
14757,74.0,1.0,6.04381977744191,0,Regular Buyers,3
14758,144.0,4.0,7.303210454460983,0,Regular Buyers,3
14759,4.0,3.0,7.394474668204541,0,Regular Buyers,3
14760,296.0,1.0,4.502029427068578,1,Inactive,2
14761,58.0,2.0,5.548686904115838,0,Regular Buyers,3
14762,263.0,1.0,5.70883634895888,1,Inactive,2
14764,46.0,1.0,5.632286472951131,0,Regular Buyers,3
14765,28.0,3.0,5.541694824693056,0,Regular Buyers,3
14766,7.0,6.0,7.813741097146052,2,VIPs,1
14768,16.0,2.0,5.265794174842477,0,Regular Buyers,3
14769,2.0,8.0,8.656355735055985,2,VIPs,1
14770,231.0,2.0,6.7769857830927895,1,Inactive,2
14772,111.0,1.0,4.943497843108764,0,Regular Buyers,3
14775,57.0,3.0,6.9205727826927514,0,Regular Buyers,3
14776,50.0,11.0,7.839643731479347,2,VIPs,1
14778,126.0,2.0,6.595589238838791,0,Regular Buyers,2
14779,280.0,3.0,5.958812214832733,1,Inactive,2
14780,54.0,2.0,6.106309938777023,0,Regular Buyers,3
14782,311.0,1.0,5.303802296778606,1,Inactive,2
14784,25.0,2.0,5.673288902319859,0,Regular Buyers,3
14785,9.0,2.0,4.361823927356363,0,Regular Buyers,3
14788,6.0,2.0,6.522739647741382,0,Regular Buyers,3
14789,28.0,1.0,5.2914941411999115,0,Regular Buyers,3
14790,16.0,4.0,6.61480602592395,0,Regular Buyers,3
14792,63.0,1.0,1.9740810260220096,1,Inactive,3
14793,20.0,1.0,5.438035829717119,0,Regular Buyers,3
14794,2.0,7.0,7.186076171996967,2,VIPs,1
14795,165.0,1.0,4.886205215718078,1,Inactive,2
14796,0.0,13.0,8.656355735055985,2,VIPs,1
14798,52.0,3.0,5.163299154869948,0,Regular Buyers,3
14799,50.0,1.0,5.0670156275323635,0,Regular Buyers,3
14800,47.0,12.0,8.375800119472242,2,VIPs,1
14801,60.0,1.0,5.26857954828408,0,Regular Buyers,3
14803,161.0,3.0,6.741169266574241,0,Regular Buyers,2
14804,8.0,1.0,5.8700593342813,0,Regular Buyers,3
14805,14.0,4.0,6.3201385996316555,0,Regular Buyers,3
14806,74.0,1.0,5.269866450374021,0,Regular Buyers,3
14808,39.0,8.0,7.91650485674164,2,VIPs,1
14810,40.0,11.0,7.644383316153618,2,VIPs,1
14813,311.0,2.0,5.052608625573679,1,Inactive,2
14815,36.0,2.0,6.658652688497831,0,Regular Buyers,3
14816,196.0,1.0,5.608922193632241,1,Inactive,2
14817,199.0,2.0,7.0133217734248765,1,Inactive,2
14818,73.0,3.0,6.490419998303485,0,Regular Buyers,3
14819,63.0,2.0,5.609728172573878,0,Regular Buyers,3
14820,20.0,4.0,6.231052150838124,0,Regular Buyers,3
14821,311.0,1.0,3.9080149840306073,1,Inactive,2
14823,179.0,3.0,5.775886058412575,1,Inactive,2
14824,9.0,4.0,7.028830666672488,0,Regular Buyers,3
14825,3.0,12.0,7.708819205258206,2,VIPs,1
14828,196.0,3.0,7.668916185155464,1,Inactive,2
14829,28.0,4.0,6.549006758096496,0,Regular Buyers,3
14830,52.0,1.0,5.284624039416034,0,Regular Buyers,3
14834,17.0,6.0,7.4508350982774605,2,VIPs,1
14836,9.0,3.0,4.639088404191552,0,Regular Buyers,3
14837,89.0,4.0,7.408833551293248,0,Regular Buyers,3
14840,267.0,1.0,4.156536582478548,1,Inactive,2
14841,52.0,6.0,8.10069544697357,2,VIPs,1
14842,43.0,4.0,7.946507861544517,0,Regular Buyers,3
14844,63.0,4.0,8.068030082042343,0,Regular Buyers,3
14847,148.0,1.0,5.737861788309064,1,Inactive,2
14849,21.0,13.0,8.656355735055985,2,VIPs,1
14850,311.0,1.0,5.789195352504331,1,Inactive,2
14851,22.0,2.0,6.239007985245727,0,Regular Buyers,3
14852,57.0,6.0,7.950745619900337,2,VIPs,1
14853,23.0,2.0,6.16709711575114,0,Regular Buyers,3
14854,77.0,7.0,7.923286638140286,2,VIPs,1
14855,118.0,2.0,6.471805189861254,0,Regular Buyers,2
14856,35.0,3.0,7.179597561714504,0,Regular Buyers,3
14857,59.0,2.0,7.068274209815247,0,Regular Buyers,3
14859,12.0,4.0,7.211364832983292,0,Regular Buyers,3
14860,18.0,1.0,5.14353315274717,0,Regular Buyers,3
14861,51.0,1.0,4.842532174539857,0,Regular Buyers,3
14862,25.0,2.0,6.736017515727827,0,Regular Buyers,3
14863,28.0,1.0,5.590091056903071,0,Regular Buyers,3
14865,6.0,2.0,3.9740583963475986,0,Regular Buyers,3
14866,10.0,11.0,8.656355735055985,2,VIPs,1
14867,185.0,3.0,6.567066163812884,1,Inactive,2
14868,2.0,8.0,7.99111517232888,2,VIPs,1
14869,8.0,2.0,6.58851373762259,0,Regular Buyers,3
14870,261.0,1.0,5.793775513182905,1,Inactive,2
14871,2.0,4.0,6.260307777673182,0,Regular Buyers,3
14873,209.0,1.0,6.25513564959826,1,Inactive,2
14875,107.0,2.0,7.290511139663592,0,Regular Buyers,3
14878,12.0,9.0,7.304206550922399,2,VIPs,1
14880,76.0,3.0,6.561299370951966,0,Regular Buyers,3
14881,19.0,1.0,5.546738725046515,0,Regular Buyers,3
14882,26.0,2.0,6.38130827431319,0,Regular Buyers,3
14883,18.0,6.0,6.636720534303131,0,Regular Buyers,1
14885,131.0,1.0,6.6415998370746365,0,Regular Buyers,2
14886,252.0,1.0,5.9020867359567655,1,Inactive,2
14887,78.0,1.0,7.529943370601589,0,Regular Buyers,3
14888,206.0,1.0,5.914043400139397,1,Inactive,2
14889,311.0,1.0,4.919250732294404,1,Inactive,2
14890,253.0,1.0,4.841427376447684,1,Inactive,2
14891,147.0,2.0,6.319652564141498,0,Regular Buyers,2
14893,9.0,2.0,7.121938808924836,0,Regular Buyers,3
14894,84.0,1.0,6.4873034285656495,0,Regular Buyers,3
14895,7.0,13.0,8.656355735055985,2,VIPs,1
14896,204.0,2.0,6.152243213225462,1,Inactive,2
14897,7.0,4.0,7.220651779074644,0,Regular Buyers,3
14898,22.0,6.0,7.173590436003909,2,VIPs,1
14901,10.0,9.0,7.260023527685966,2,VIPs,1
14902,25.0,1.0,5.810122510427528,0,Regular Buyers,3
14903,20.0,5.0,7.941519665325918,2,VIPs,3
14904,1.0,2.0,6.933851783703411,0,Regular Buyers,3
14905,157.0,2.0,6.425112106189937,1,Inactive,2
14907,2.0,7.0,8.161118067549472,2,VIPs,1
14908,73.0,1.0,5.630494678886369,0,Regular Buyers,3
14910,2.0,4.0,6.076150305274624,0,Regular Buyers,3
14911,0.0,13.0,8.656355735055985,2,VIPs,1
14912,16.0,2.0,6.767170498168263,0,Regular Buyers,3
14913,35.0,4.0,7.113492210280828,0,Regular Buyers,3
14915,90.0,2.0,5.731657011422181,0,Regular Buyers,3
14916,70.0,4.0,7.146756431297139,0,Regular Buyers,3
14918,115.0,2.0,7.384703488712166,0,Regular Buyers,3
14920,212.0,2.0,6.886296681323568,1,Inactive,2
14921,29.0,2.0,7.1831648514317985,0,Regular Buyers,3
14923,50.0,1.0,6.62020653097559,0,Regular Buyers,3
14924,245.0,1.0,5.739953670961029,1,Inactive,2
14929,31.0,1.0,5.415566926598276,0,Regular Buyers,3
14930,108.0,3.0,7.772272601231864,0,Regular Buyers,3
14931,4.0,4.0,6.872832516392871,0,Regular Buyers,3
14932,311.0,1.0,5.89860885258863,1,Inactive,2
14934,81.0,2.0,7.5453580366354,0,Regular Buyers,3
14935,296.0,1.0,7.487571374232199,1,Inactive,2
14936,33.0,8.0,8.656355735055985,2,VIPs,1
14937,56.0,3.0,7.3919576276276855,0,Regular Buyers,3
14944,29.0,12.0,8.656355735055985,2,VIPs,1
14946,13.0,1.0,4.623991940228679,0,Regular Buyers,3
14947,71.0,2.0,5.676137173835876,0,Regular Buyers,3
14948,22.0,6.0,7.005761820334205,0,Regular Buyers,1
14950,18.0,1.0,5.91943134420815,0,Regular Buyers,3
14951,78.0,1.0,5.745212284419341,0,Regular Buyers,3
14952,59.0,11.0,8.656355735055985,2,VIPs,1
14953,24.0,1.0,5.67270451908534,0,Regular Buyers,3
14954,11.0,1.0,5.820587254198285,0,Regular Buyers,3
14957,252.0,1.0,4.085808231199814,1,Inactive,2
14958,146.0,3.0,6.215967174459823,0,Regular Buyers,2
14959,63.0,4.0,6.545952926608586,0,Regular Buyers,3
14960,7.0,2.0,5.4038928590966755,0,Regular Buyers,3
14961,10.0,9.0,8.656355735055985,2,VIPs,1
14962,270.0,1.0,4.8496837630384935,1,Inactive,2
14963,9.0,5.0,7.305725705328041,0,Regular Buyers,3
14964,246.0,1.0,5.333732771768991,1,Inactive,2
14965,95.0,2.0,6.396929655216146,0,Regular Buyers,2
14966,14.0,1.0,5.259160651346843,0,Regular Buyers,3
14967,49.0,1.0,6.141607205537701,0,Regular Buyers,3
14968,29.0,1.0,5.001190835268256,0,Regular Buyers,3
14970,67.0,4.0,7.373411973984176,0,Regular Buyers,3
14971,34.0,3.0,7.0189119643469615,0,Regular Buyers,3
14972,127.0,1.0,4.751605464217637,1,Inactive,2
14973,106.0,3.0,7.181934091396172,0,Regular Buyers,3
14974,36.0,1.0,4.748317695206576,0,Regular Buyers,3
14975,56.0,1.0,5.638141123402764,0,Regular Buyers,3
14976,56.0,6.0,6.653972091535815,0,Regular Buyers,1
14978,71.0,5.0,7.566528382450746,0,Regular Buyers,3
14981,245.0,1.0,4.635893358630932,1,Inactive,2
14984,18.0,2.0,5.3672369020126345,0,Regular Buyers,3
14985,197.0,2.0,5.696254208235409,1,Inactive,2
14987,15.0,2.0,5.791182664937034,0,Regular Buyers,3
14988,211.0,1.0,5.8157411743422545,1,Inactive,2
14995,38.0,2.0,5.456303538604819,0,Regular Buyers,3
14997,45.0,3.0,6.3048143663083405,0,Regular Buyers,3
14998,169.0,2.0,6.06580642047611,1,Inactive,2
15000,47.0,1.0,6.197502630519253,0,Regular Buyers,3
15002,115.0,4.0,7.404133033112973,0,Regular Buyers,3
15004,146.0,1.0,7.128439809381088,0,Regular Buyers,3
15005,15.0,13.0,8.656355735055985,2,VIPs,1
15006,50.0,1.0,6.210881162014558,0,Regular Buyers,3
15007,158.0,1.0,5.062025250478552,1,Inactive,2
15009,11.0,3.0,7.141070918737701,0,Regular Buyers,3
15010,35.0,1.0,5.736378730359188,0,Regular Buyers,3
15012,53.0,2.0,6.049827790404897,0,Regular Buyers,3
15014,42.0,2.0,5.56517153628838,0,Regular Buyers,3
15016,172.0,1.0,5.141897447276735,1,Inactive,2
15017,33.0,1.0,4.840874519347159,0,Regular Buyers,3
15018,38.0,3.0,6.209012472065032,0,Regular Buyers,3
15019,266.0,1.0,5.58724865840025,1,Inactive,2
15021,8.0,9.0,7.55790100839738,2,VIPs,1
15022,11.0,4.0,6.809083455178767,0,Regular Buyers,3
15023,2.0,11.0,8.656355735055985,2,VIPs,1
15024,9.0,10.0,7.415975511662447,2,VIPs,1
15025,32.0,1.0,5.934920650296115,0,Regular Buyers,3
15026,79.0,3.0,6.142467420644509,0,Regular Buyers,3
15027,30.0,4.0,6.972746822489577,0,Regular Buyers,3
15028,7.0,4.0,6.442747151414763,0,Regular Buyers,3
15030,71.0,2.0,6.252443236725213,0,Regular Buyers,3
15031,3.0,4.0,6.505993305798354,0,Regular Buyers,3
15032,255.0,3.0,8.50918118080606,1,Inactive,2
15033,4.0,10.0,7.857237043506436,2,VIPs,1
15034,15.0,8.0,8.368602691764597,2,VIPs,1
15035,89.0,1.0,5.536270709515726,0,Regular Buyers,3
15036,71.0,3.0,6.145365195680031,0,Regular Buyers,3
15038,58.0,6.0,6.560309047742739,0,Regular Buyers,1
15039,9.0,13.0,8.656355735055985,2,VIPs,1
15041,169.0,1.0,5.200428865728911,1,Inactive,2
15042,198.0,1.0,4.919469846344143,1,Inactive,2
15043,30.0,1.0,6.2878585601617845,0,Regular Buyers,3
15044,18.0,13.0,8.656355735055985,2,VIPs,1
15045,151.0,2.0,6.602126456028984,0,Regular Buyers,2
15046,8.0,13.0,8.555609735158109,2,VIPs,1
15047,269.0,1.0,5.842442360714953,1,Inactive,2
15048,64.0,4.0,5.953373195985259,0,Regular Buyers,3
15049,273.0,1.0,4.8054135174159684,1,Inactive,2
15050,24.0,3.0,7.486103093313854,0,Regular Buyers,3
15051,22.0,3.0,7.238934963295533,0,Regular Buyers,3
15052,311.0,1.0,5.378883014387604,1,Inactive,2
15053,4.0,3.0,6.549350267911373,0,Regular Buyers,3
15054,11.0,2.0,5.714062784063757,0,Regular Buyers,3
15057,274.0,2.0,7.306866913118126,1,Inactive,2
15058,24.0,11.0,7.661992855221969,2,VIPs,1
15059,40.0,9.0,7.199469212547289,2,VIPs,1
15060,7.0,4.0,5.7132046132351055,0,Regular Buyers,3
15061,3.0,13.0,8.656355735055985,2,VIPs,1
15062,70.0,4.0,6.896552764474143,0,Regular Buyers,3
15063,212.0,1.0,5.918356075287344,1,Inactive,2
15065,37.0,4.0,8.058051952218728,2,VIPs,3
15066,52.0,1.0,6.796365512756079,0,Regular Buyers,3
15067,77.0,3.0,7.464945269906789,0,Regular Buyers,3
15068,45.0,2.0,6.317814295200602,0,Regular Buyers,3
15069,178.0,1.0,7.012592657827759,1,Inactive,2
15070,311.0,1.0,4.674696248636701,1,Inactive,2
15071,93.0,2.0,6.890680328191671,0,Regular Buyers,3
15073,9.0,3.0,6.951207411654662,0,Regular Buyers,3
15074,104.0,1.0,6.619899858173064,0,Regular Buyers,2
15075,77.0,1.0,6.651610632528512,0,Regular Buyers,3
15076,172.0,1.0,6.782021973516374,1,Inactive,2
15078,6.0,13.0,8.656355735055985,2,VIPs,1
15079,212.0,4.0,6.798620984904737,1,Inactive,2
15081,21.0,5.0,6.226141334235865,0,Regular Buyers,3
15083,256.0,1.0,4.490881039585964,1,Inactive,2
15087,281.0,1.0,5.7299049588017725,1,Inactive,2
15088,20.0,2.0,7.057097272731341,0,Regular Buyers,3
15089,9.0,6.0,7.7922828608243835,2,VIPs,1
15090,307.0,1.0,5.946257954269903,1,Inactive,2
15091,67.0,1.0,6.177342273229703,0,Regular Buyers,3
15092,214.0,2.0,6.1286361810072245,1,Inactive,2
15093,17.0,6.0,8.433381055030935,2,VIPs,1
15095,103.0,4.0,7.223733220588765,0,Regular Buyers,3
15096,42.0,1.0,5.3953987041986,0,Regular Buyers,3
15097,3.0,1.0,5.517774130004251,0,Regular Buyers,3
15098,181.0,3.0,8.656355735055985,0,Regular Buyers,2
15099,83.0,1.0,6.019760416262829,0,Regular Buyers,3
15100,311.0,3.0,6.776506992372183,1,Inactive,2
15101,8.0,2.0,5.763716662099238,0,Regular Buyers,3
15103,30.0,2.0,6.557289589092577,0,Regular Buyers,3
15104,196.0,2.0,6.93579837000678,1,Inactive,2
15105,17.0,7.0,7.740633966671485,2,VIPs,1
15106,17.0,5.0,7.2608879564964575,0,Regular Buyers,3
15107,310.0,6.0,5.7698822763607245,1,Inactive,2
15108,141.0,3.0,7.056390778121285,0,Regular Buyers,3
15109,245.0,1.0,6.18610573794948,1,Inactive,2
15110,23.0,4.0,6.904851065834747,0,Regular Buyers,3
15111,28.0,3.0,7.357862276513416,0,Regular Buyers,3
15113,9.0,3.0,8.19144643069019,0,Regular Buyers,3
15114,29.0,10.0,7.923551016427315,2,VIPs,1
15115,17.0,1.0,5.832205005910728,0,Regular Buyers,3
15116,17.0,4.0,7.2106337983152,0,Regular Buyers,3
15117,14.0,5.0,7.3478021518130685,0,Regular Buyers,3
15118,133.0,1.0,5.504518197131935,1,Inactive,3
15119,245.0,1.0,5.588745664667843,1,Inactive,2
15120,133.0,1.0,5.885603906408473,0,Regular Buyers,2
15121,49.0,2.0,6.12844000213506,0,Regular Buyers,3
15122,113.0,3.0,7.399263517702882,0,Regular Buyers,3
15123,6.0,2.0,7.696353538510563,0,Regular Buyers,3
15124,22.0,2.0,5.221382325073915,0,Regular Buyers,3
15125,24.0,13.0,8.656355735055985,2,VIPs,1
15127,65.0,1.0,6.010114549603027,0,Regular Buyers,3
15128,59.0,4.0,7.294377299288821,0,Regular Buyers,3
15129,49.0,11.0,8.14566563433577,2,VIPs,1
15130,169.0,1.0,5.802450646452902,1,Inactive,2
15132,17.0,5.0,6.886460138441978,0,Regular Buyers,3
15133,127.0,3.0,6.891036292375263,0,Regular Buyers,3
15134,14.0,8.0,7.236332143304382,2,VIPs,1
15135,238.0,1.0,4.941999501706118,1,Inactive,2
15136,2.0,4.0,7.160612960279738,0,Regular Buyers,3
15139,239.0,2.0,5.192734603972972,1,Inactive,2
15140,51.0,7.0,7.764402157928777,2,VIPs,1
15142,45.0,1.0,6.214087963175304,0,Regular Buyers,3
15143,225.0,1.0,5.562410904191201,1,Inactive,2
15144,7.0,13.0,8.656355735055985,2,VIPs,1
15145,3.0,4.0,7.0865121565162825,0,Regular Buyers,3
15146,164.0,2.0,7.1915498047067254,0,Regular Buyers,2
15147,239.0,1.0,6.436951329565632,1,Inactive,2
15148,10.0,1.0,5.711386821516136,0,Regular Buyers,3
15149,133.0,1.0,6.257284372702628,0,Regular Buyers,2
15150,16.0,10.0,8.578376715841037,2,VIPs,1
15152,9.0,13.0,8.465202812016113,2,VIPs,1
15153,30.0,1.0,5.799849943402434,0,Regular Buyers,3
15154,74.0,1.0,5.695145281260538,0,Regular Buyers,3
15156,0.0,3.0,6.869523676497577,0,Regular Buyers,3
15157,3.0,3.0,7.568931801112307,0,Regular Buyers,3
15158,44.0,1.0,5.9974466187855295,0,Regular Buyers,3
15159,1.0,13.0,8.656355735055985,2,VIPs,1
15160,311.0,1.0,5.069909985558728,1,Inactive,2
15163,17.0,2.0,5.721851574117079,0,Regular Buyers,3
15164,68.0,3.0,6.738211734547398,0,Regular Buyers,3
15165,311.0,1.0,6.1918511112995755,1,Inactive,2
15167,311.0,1.0,5.099866427824199,1,Inactive,2
15168,25.0,1.0,4.678048831400664,0,Regular Buyers,3
15171,311.0,1.0,7.162785019158669,1,Inactive,2
15172,8.0,5.0,7.393293863521244,0,Regular Buyers,3
15174,311.0,1.0,4.91815444130209,1,Inactive,2
15175,71.0,1.0,5.416722430926658,0,Regular Buyers,3
15178,259.0,1.0,3.725693427236653,1,Inactive,2
15179,17.0,5.0,7.69981976221305,2,VIPs,3
15180,311.0,1.0,4.483002552013883,1,Inactive,2
15181,65.0,3.0,6.537387007911402,0,Regular Buyers,3
15182,153.0,2.0,6.43590995485703,0,Regular Buyers,2
15184,28.0,2.0,6.010678766031786,0,Regular Buyers,3
15185,69.0,1.0,5.741784496789209,0,Regular Buyers,3
15186,13.0,2.0,6.022018000151438,0,Regular Buyers,3
15187,1.0,13.0,8.468670791394786,2,VIPs,1
15189,0.0,13.0,8.656355735055985,2,VIPs,1
15192,119.0,3.0,6.952078337618801,0,Regular Buyers,3
15193,60.0,1.0,6.215247893709531,0,Regular Buyers,3
15194,2.0,13.0,8.656355735055985,2,VIPs,1
15195,2.0,1.0,8.258940462988459,0,Regular Buyers,3
15197,10.0,3.0,6.985280975485229,0,Regular Buyers,3
15198,91.0,2.0,5.271151698475267,0,Regular Buyers,3
15199,58.0,4.0,7.1465359310757455,0,Regular Buyers,3
15201,86.0,5.0,7.120880817152784,0,Regular Buyers,3
15203,25.0,6.0,7.511415293040546,2,VIPs,1
15204,311.0,1.0,5.760729755097951,1,Inactive,2
15205,84.0,2.0,6.483474256616332,0,Regular Buyers,3
15206,9.0,4.0,6.04334516898497,0,Regular Buyers,3
15208,0.0,5.0,6.769779740037806,0,Regular Buyers,3
15210,224.0,1.0,5.805676990670853,1,Inactive,2
15211,59.0,2.0,6.797281713937488,0,Regular Buyers,3
15212,240.0,1.0,4.632785353021065,1,Inactive,2
15213,311.0,2.0,5.797121015086702,1,Inactive,2
15214,1.0,8.0,7.416041681653177,2,VIPs,1
15215,46.0,3.0,6.601148593666668,0,Regular Buyers,3
15216,87.0,1.0,4.580877493419047,0,Regular Buyers,3
15218,10.0,11.0,8.656355735055985,2,VIPs,1
15219,175.0,1.0,5.7260330835910205,1,Inactive,2
15220,51.0,6.0,7.484346171123521,2,VIPs,3
15221,311.0,1.0,6.002033498457216,1,Inactive,2
15222,311.0,1.0,6.373319789577012,1,Inactive,2
15223,225.0,2.0,6.629032947901828,1,Inactive,2
15224,311.0,2.0,5.777899970574095,1,Inactive,2
15225,233.0,1.0,6.01713229385656,1,Inactive,2
15226,310.0,1.0,5.04606678592752,1,Inactive,2
15227,36.0,5.0,7.106933952842515,0,Regular Buyers,3
15228,65.0,4.0,8.127909455886419,2,VIPs,3
15230,238.0,2.0,6.065179584930263,1,Inactive,2
15232,112.0,2.0,6.418462810428566,0,Regular Buyers,2
15234,276.0,1.0,5.288267030694535,1,Inactive,2
15235,217.0,12.0,7.718023053610256,2,VIPs,1
15236,298.0,1.0,5.7747068129929,1,Inactive,2
15237,1.0,4.0,7.253696825551129,0,Regular Buyers,3
15238,28.0,3.0,6.978204422922778,0,Regular Buyers,3
15239,9.0,2.0,6.661330306378558,0,Regular Buyers,3
15240,44.0,5.0,7.442826586212262,0,Regular Buyers,3
15241,66.0,8.0,7.471613483699497,2,VIPs,1
15243,73.0,1.0,5.7610445868229965,0,Regular Buyers,3
15244,64.0,2.0,6.449790886414747,0,Regular Buyers,3
15245,133.0,3.0,7.83075942537543,0,Regular Buyers,3
15246,237.0,2.0,6.244458120391077,1,Inactive,2
15247,121.0,1.0,5.877735781779639,0,Regular Buyers,3
15249,31.0,13.0,8.656355735055985,2,VIPs,1
15251,8.0,11.0,8.656355735055985,2,VIPs,1
15252,35.0,2.0,6.60905270324689,0,Regular Buyers,3
15253,15.0,5.0,6.823503726534546,0,Regular Buyers,3
15254,126.0,1.0,5.708305563383786,0,Regular Buyers,3
15255,66.0,1.0,6.793297957004312,0,Regular Buyers,3
15256,148.0,1.0,4.599655005299981,1,Inactive,2
15257,282.0,1.0,5.762522969678801,1,Inactive,2
15258,168.0,2.0,6.4364067457583465,1,Inactive,2
15260,99.0,7.0,7.502059546979103,2,VIPs,1
15261,134.0,1.0,5.544474072171247,1,Inactive,3
15262,311.0,1.0,5.19267903452504,1,Inactive,2
15263,106.0,1.0,5.059488948313644,0,Regular Buyers,3
15264,63.0,1.0,5.978227320325962,0,Regular Buyers,3
15265,150.0,2.0,7.317955823857119,0,Regular Buyers,3
15266,311.0,1.0,4.789988622980633,1,Inactive,2
15267,21.0,5.0,7.449125626576209,0,Regular Buyers,3
15269,23.0,1.0,6.0156692358048,0,Regular Buyers,3
15270,15.0,7.0,7.775061627827598,2,VIPs,1
15271,6.0,13.0,7.8272688120491205,2,VIPs,1
15272,56.0,2.0,6.58332623116324,0,Regular Buyers,3
15274,3.0,2.0,6.5758705038506235,0,Regular Buyers,3
15275,37.0,1.0,6.4234742104382585,0,Regular Buyers,3
15276,65.0,1.0,4.914931703582751,0,Regular Buyers,3
15277,46.0,1.0,5.548686904115838,0,Regular Buyers,3
15279,311.0,1.0,5.675074310519458,1,Inactive,2
15280,171.0,1.0,4.737250526345299,1,Inactive,2
15281,58.0,9.0,7.754974564853873,2,VIPs,1
15286,49.0,1.0,5.4870764910004155,0,Regular Buyers,3
15287,21.0,2.0,6.189679958097341,0,Regular Buyers,3
15288,42.0,5.0,7.743928633728395,2,VIPs,3
15289,28.0,3.0,6.846709318414996,0,Regular Buyers,3
15290,4.0,13.0,8.656355735055985,2,VIPs,1
15291,25.0,13.0,8.439080287140403,2,VIPs,1
15292,200.0,1.0,5.203676962393915,1,Inactive,2
15296,50.0,6.0,8.208998159442066,2,VIPs,1
15297,9.0,3.0,6.466051407286527,0,Regular Buyers,3
15298,1.0,12.0,8.476558679320053,2,VIPs,1
15299,66.0,6.0,8.270783572013032,2,VIPs,1
15300,63.0,1.0,6.2094749463104435,0,Regular Buyers,3
15301,50.0,12.0,8.53136233333043,2,VIPs,1
15303,289.0,1.0,6.354404822801145,1,Inactive,2
15304,60.0,8.0,6.544487219573761,2,VIPs,1
15306,63.0,3.0,7.069321254563527,0,Regular Buyers,3
15307,95.0,1.0,5.329331420077207,0,Regular Buyers,3
15308,273.0,1.0,5.741303025403381,1,Inactive,2
15311,0.0,13.0,8.656355735055985,2,VIPs,1
15312,74.0,4.0,6.830712234483825,0,Regular Buyers,3
15313,109.0,1.0,3.970291913552122,1,Inactive,3
15314,198.0,1.0,5.795966561197395,1,Inactive,2
15315,63.0,2.0,6.348264483234865,0,Regular Buyers,3
15316,311.0,1.0,5.111987788356544,1,Inactive,2
15318,3.0,1.0,5.748182061952885,0,Regular Buyers,3
15319,283.0,1.0,5.32544603393629,1,Inactive,2
15320,43.0,1.0,5.591471937527057,0,Regular Buyers,3
15321,70.0,3.0,7.919105250086756,0,Regular Buyers,3
15322,85.0,1.0,6.523092298503236,0,Regular Buyers,3
15325,103.0,1.0,5.0955277611142185,0,Regular Buyers,3
15326,311.0,1.0,5.74527624348556,1,Inactive,2
15327,52.0,1.0,5.345916345347316,0,Regular Buyers,3
15329,38.0,3.0,6.957211887694729,0,Regular Buyers,3
15330,31.0,2.0,6.5736242994783,0,Regular Buyers,3
15332,311.0,4.0,7.415813075846797,1,Inactive,2
15333,207.0,1.0,6.936886805488385,1,Inactive,2
15334,156.0,3.0,5.85713283431269,1,Inactive,2
15335,53.0,1.0,5.164614530656529,0,Regular Buyers,3
15339,65.0,2.0,6.354491772518179,0,Regular Buyers,3
15341,80.0,1.0,7.611604982675218,0,Regular Buyers,3
15342,129.0,1.0,6.0090342912180414,0,Regular Buyers,2
15343,86.0,1.0,5.901266279189834,0,Regular Buyers,3
15344,0.0,3.0,6.3367195308171205,0,Regular Buyers,3
15345,45.0,1.0,5.9777205293157225,0,Regular Buyers,3
15346,311.0,1.0,5.5350481913707625,1,Inactive,2
15347,311.0,1.0,5.311233591814583,1,Inactive,2
15348,71.0,1.0,5.069155742908264,0,Regular Buyers,3
15349,157.0,2.0,6.1629147240133015,1,Inactive,2
15350,311.0,1.0,4.759177998467439,1,Inactive,2
15351,11.0,7.0,7.581265918452825,2,VIPs,1
15353,254.0,2.0,6.656752230788848,1,Inactive,2
15355,28.0,2.0,5.627800953633573,0,Regular Buyers,3
15356,30.0,10.0,7.925699664582792,2,VIPs,1
15358,4.0,13.0,8.656355735055985,2,VIPs,1
15360,39.0,1.0,6.061293735451147,0,Regular Buyers,3
15361,311.0,1.0,6.040064216944044,1,Inactive,2
15363,311.0,1.0,5.7899601708972535,1,Inactive,2
15364,95.0,2.0,6.818038427312331,0,Regular Buyers,3
15365,25.0,7.0,7.74730318590928,2,VIPs,1
15366,74.0,2.0,6.40276261040859,0,Regular Buyers,3
15367,56.0,4.0,7.538276774433291,0,Regular Buyers,3
15368,20.0,1.0,6.104659294874325,0,Regular Buyers,3
15370,40.0,7.0,7.77781357291459,2,VIPs,1
15372,136.0,1.0,7.605093664160551,0,Regular Buyers,3
15373,7.0,12.0,7.79024514376692,2,VIPs,1
15374,128.0,1.0,5.1298987149230735,1,Inactive,2
15376,39.0,3.0,7.118307896116917,0,Regular Buyers,3
15379,168.0,7.0,8.217246886437776,2,VIPs,2
15380,8.0,5.0,7.433229092253918,0,Regular Buyers,3
15381,213.0,2.0,6.393339886365589,1,Inactive,2
15382,14.0,6.0,8.656355735055985,2,VIPs,1
15384,169.0,2.0,6.46678215711498,1,Inactive,2
15385,39.0,1.0,5.761673953071979,0,Regular Buyers,3
15386,185.0,1.0,5.979240132485259,1,Inactive,2
15388,269.0,1.0,4.952582362647639,1,Inactive,2
15389,171.0,1.0,6.2166061010848646,1,Inactive,2
15392,4.0,4.0,7.337281906274171,0,Regular Buyers,3
15393,15.0,2.0,5.45043741460887,0,Regular Buyers,3
15394,9.0,4.0,7.6891605590501255,0,Regular Buyers,3
15395,311.0,1.0,4.6862892372728835,1,Inactive,2
15396,112.0,1.0,5.66704933159998,0,Regular Buyers,3
15397,289.0,1.0,4.553876891600541,1,Inactive,2
15398,15.0,2.0,7.2052861919886055,0,Regular Buyers,3
15399,0.0,3.0,6.705357537478585,0,Regular Buyers,3
15400,91.0,5.0,6.575354741730978,0,Regular Buyers,1
15402,148.0,2.0,6.441504598605709,0,Regular Buyers,2
15405,188.0,1.0,5.85821882796062,1,Inactive,2
15406,30.0,2.0,6.237758058320892,0,Regular Buyers,3
15407,33.0,4.0,6.963606171722143,0,Regular Buyers,3
15408,263.0,1.0,5.591658396851496,1,Inactive,2
15410,83.0,8.0,8.146662701187065,2,VIPs,1
15411,25.0,4.0,7.215151739543018,0,Regular Buyers,3
15412,170.0,1.0,5.25504445431457,1,Inactive,2
15414,9.0,3.0,6.654023645899904,0,Regular Buyers,3
15415,311.0,1.0,6.3522983310705525,1,Inactive,2
15416,64.0,4.0,8.290372889129587,2,VIPs,3
15417,84.0,1.0,6.234018491942015,0,Regular Buyers,3
15419,24.0,1.0,4.918958505524352,0,Regular Buyers,3
15421,58.0,4.0,6.857892539809733,0,Regular Buyers,3
15422,311.0,2.0,4.592084946439436,1,Inactive,2
15423,37.0,1.0,3.7954891891721947,0,Regular Buyers,3
15424,253.0,2.0,5.951527577504281,1,Inactive,2
15426,18.0,5.0,7.278207873697534,0,Regular Buyers,3
15427,32.0,3.0,7.302590758900265,0,Regular Buyers,3
15428,14.0,1.0,4.551558416539442,0,Regular Buyers,3
15429,26.0,2.0,5.987331015826375,0,Regular Buyers,3
15432,22.0,1.0,5.148598518298094,0,Regular Buyers,3
15433,213.0,2.0,6.2809574789637255,1,Inactive,2
15434,7.0,5.0,6.94935776883665,0,Regular Buyers,3
15435,21.0,1.0,5.012566760946003,0,Regular Buyers,3
15436,11.0,3.0,7.024230793538577,0,Regular Buyers,3
15437,261.0,1.0,5.304100611303764,1,Inactive,2
15438,130.0,1.0,5.059933265817542,1,Inactive,2
15440,54.0,3.0,5.952411819844281,0,Regular Buyers,3
15442,248.0,1.0,6.38856140554563,1,Inactive,2
15443,1.0,7.0,8.08268333891615,2,VIPs,1
15444,8.0,2.0,7.257890888001,0,Regular Buyers,3
15445,263.0,1.0,4.740574822994295,1,Inactive,2
15447,311.0,1.0,5.050945157499754,1,Inactive,2
15448,311.0,1.0,6.2058498567482925,1,Inactive,2
15449,25.0,3.0,6.882970662159506,0,Regular Buyers,3
15450,29.0,1.0,6.0657367914825695,0,Regular Buyers,3
15452,29.0,3.0,6.291069014516638,0,Regular Buyers,3
15453,1.0,7.0,7.236605685971544,2,VIPs,1
15454,311.0,1.0,5.19351225218191,1,Inactive,2
15456,282.0,3.0,6.105284183307442,1,Inactive,2
15457,261.0,1.0,5.472564748074418,1,Inactive,2
15458,24.0,1.0,5.091539169320091,0,Regular Buyers,3
15460,311.0,1.0,5.383393538903156,1,Inactive,2
15462,93.0,3.0,5.462135451777431,0,Regular Buyers,3
15463,28.0,1.0,4.845288841508263,0,Regular Buyers,3
15464,311.0,1.0,6.956402575803658,1,Inactive,2
15465,19.0,13.0,8.656355735055985,2,VIPs,1
15466,84.0,1.0,5.815711371192059,0,Regular Buyers,3
15467,8.0,3.0,6.265073049828404,0,Regular Buyers,3
15468,50.0,2.0,6.149557446167864,0,Regular Buyers,3
15469,49.0,2.0,6.290735458809743,0,Regular Buyers,3
15471,1.0,1.0,6.153753450151701,0,Regular Buyers,3
15472,112.0,1.0,5.920398098674122,0,Regular Buyers,3
15473,13.0,7.0,7.479976991613202,2,VIPs,1
15475,76.0,1.0,6.120539147973894,0,Regular Buyers,3
15478,39.0,2.0,7.274077537572236,0,Regular Buyers,3
15480,115.0,1.0,6.809591030194905,0,Regular Buyers,2
15482,15.0,11.0,8.656355735055985,2,VIPs,1
15483,160.0,4.0,5.458776676484857,1,Inactive,2
15484,0.0,4.0,8.187385497313695,2,VIPs,3
15485,29.0,3.0,7.853993087224244,0,Regular Buyers,3
15488,92.0,1.0,4.52526080275979,0,Regular Buyers,3
15489,22.0,3.0,7.034634595526282,0,Regular Buyers,3
15491,94.0,6.0,8.039508941575132,2,VIPs,3
15492,27.0,2.0,6.492936561946857,0,Regular Buyers,3
15493,32.0,5.0,7.60230148045579,2,VIPs,3
15494,20.0,2.0,7.170296450877509,0,Regular Buyers,3
15497,17.0,2.0,7.141403462941432,0,Regular Buyers,3
15498,2.0,13.0,8.656355735055985,2,VIPs,1
15500,7.0,4.0,7.032235836086242,0,Regular Buyers,3
15502,15.0,10.0,8.656355735055985,2,VIPs,1
15503,311.0,1.0,4.997820197049412,1,Inactive,2
15504,80.0,1.0,3.985830932572866,0,Regular Buyers,3
15505,52.0,5.0,8.192005840278435,2,VIPs,3
15506,22.0,3.0,6.88781784259962,0,Regular Buyers,3
15507,171.0,1.0,6.201239130683238,1,Inactive,2
15508,188.0,6.0,6.909024473214282,1,Inactive,2
15510,311.0,1.0,5.5254529391317835,1,Inactive,2
15511,11.0,5.0,6.813697314828437,0,Regular Buyers,3
15512,155.0,2.0,4.804021044733257,1,Inactive,2
15513,32.0,13.0,8.656355735055985,2,VIPs,1
15514,11.0,11.0,8.328562171758088,2,VIPs,1
15516,44.0,3.0,4.149936935645806,0,Regular Buyers,3
15517,232.0,1.0,5.591098914544516,1,Inactive,2
15518,63.0,8.0,7.572220023179759,2,VIPs,1
15520,1.0,1.0,5.842094090453713,0,Regular Buyers,3
15521,39.0,8.0,8.006767487671574,2,VIPs,1
15522,32.0,2.0,5.991064467086642,0,Regular Buyers,3
15523,83.0,1.0,6.023471805742962,0,Regular Buyers,3
15524,24.0,1.0,6.089044875446846,0,Regular Buyers,3
15525,1.0,3.0,6.7146801087899615,0,Regular Buyers,3
15526,32.0,2.0,5.006894974480533,0,Regular Buyers,3
15527,18.0,8.0,7.795967472483399,2,VIPs,1
15528,253.0,1.0,5.4395130632148145,1,Inactive,2
15529,22.0,11.0,8.292468390585697,2,VIPs,1
15530,21.0,4.0,7.315451230241661,0,Regular Buyers,3
15531,7.0,2.0,7.605113580313547,0,Regular Buyers,3
15532,24.0,4.0,7.360123056776521,0,Regular Buyers,3
15533,18.0,3.0,6.695267255355902,0,Regular Buyers,3
15535,172.0,4.0,6.286742696181391,1,Inactive,2
15537,162.0,1.0,4.717784330357226,1,Inactive,2
15539,6.0,1.0,6.290568639224737,0,Regular Buyers,3
15540,10.0,1.0,5.367376902479531,0,Regular Buyers,3
15541,113.0,1.0,4.455857782801083,1,Inactive,3
15543,287.0,1.0,4.858726543710496,1,Inactive,2
15544,8.0,9.0,8.174057603899483,2,VIPs,1
15545,53.0,2.0,5.68262693258341,0,Regular Buyers,3
15547,6.0,13.0,8.50832195812781,2,VIPs,1
15549,76.0,3.0,7.432785537540087,0,Regular Buyers,3
15550,3.0,4.0,6.357200812987149,0,Regular Buyers,3
15551,36.0,1.0,6.080070485442007,0,Regular Buyers,3
15552,216.0,1.0,4.512177319138926,1,Inactive,2
15553,59.0,1.0,6.082743886707506,0,Regular Buyers,3
15554,277.0,1.0,5.38541207339897,1,Inactive,2
15555,11.0,13.0,8.477033477539734,2,VIPs,1
15556,23.0,1.0,5.637535828837275,0,Regular Buyers,3
15557,28.0,1.0,6.162577690327808,0,Regular Buyers,3
15561,11.0,4.0,6.686597255202886,0,Regular Buyers,3
15562,311.0,1.0,4.909340575944674,1,Inactive,2
15563,21.0,3.0,7.217032488870507,0,Regular Buyers,3
15565,49.0,2.0,5.159974416926292,0,Regular Buyers,3
15567,18.0,1.0,5.231162091360629,0,Regular Buyers,3
15568,2.0,3.0,6.6323837861074395,0,Regular Buyers,3
15569,103.0,5.0,7.227451873789157,0,Regular Buyers,3
15570,6.0,12.0,8.334836434002748,2,VIPs,1
15571,11.0,4.0,6.47916994643317,0,Regular Buyers,3
15572,4.0,7.0,7.845361219115093,2,VIPs,1
15573,31.0,2.0,6.397762641520038,0,Regular Buyers,3
15574,177.0,4.0,6.555712447369967,1,Inactive,2
15576,37.0,1.0,6.8476548947291755,0,Regular Buyers,3
15577,150.0,3.0,5.5602199860123305,1,Inactive,2
15578,161.0,1.0,4.852811208902689,1,Inactive,2
15579,68.0,2.0,5.85678964378138,0,Regular Buyers,3
15581,155.0,10.0,6.582897334596831,2,VIPs,1
15582,24.0,3.0,6.527826330017913,0,Regular Buyers,3
15584,23.0,4.0,6.58770151849905,0,Regular Buyers,3
15585,176.0,1.0,6.123150487933357,1,Inactive,2
15587,49.0,4.0,6.818574277330894,0,Regular Buyers,3
15589,255.0,3.0,6.172806457538428,1,Inactive,2
15592,46.0,1.0,5.965069235748451,0,Regular Buyers,3
15593,70.0,1.0,5.302309387817574,0,Regular Buyers,3
15594,15.0,5.0,7.48030421490088,0,Regular Buyers,3
15596,100.0,5.0,7.249634301131203,0,Regular Buyers,3
15597,34.0,1.0,5.785577492291319,0,Regular Buyers,3
15598,52.0,1.0,5.487614537078416,0,Regular Buyers,3
15599,26.0,2.0,6.636917213055248,0,Regular Buyers,3
15601,10.0,13.0,8.656355735055985,2,VIPs,1
15602,7.0,9.0,7.16924993468027,2,VIPs,1
15603,78.0,1.0,3.9015685475242874,0,Regular Buyers,3
15604,51.0,1.0,5.381692975469088,0,Regular Buyers,3
15605,35.0,5.0,7.089434963153261,0,Regular Buyers,3
15606,60.0,9.0,7.9797360766493295,2,VIPs,1
15607,311.0,1.0,4.6611723761033765,1,Inactive,2
15608,27.0,4.0,6.998217362097996,0,Regular Buyers,3
15609,183.0,1.0,5.702047637362485,1,Inactive,2
15610,51.0,1.0,4.731450351898421,0,Regular Buyers,3
15611,9.0,11.0,7.359754038995856,2,VIPs,1
15612,35.0,2.0,5.278879672655561,0,Regular Buyers,3
15615,9.0,13.0,8.656355735055985,2,VIPs,1
15618,32.0,4.0,6.656534989127213,0,Regular Buyers,3
15619,10.0,1.0,5.821269170111868,0,Regular Buyers,3
15620,56.0,3.0,7.348703354335633,0,Regular Buyers,3
15621,3.0,4.0,7.165516658717914,0,Regular Buyers,3
15622,42.0,9.0,8.2189380876069,2,VIPs,1
15623,140.0,1.0,5.7105263501895465,1,Inactive,2
15624,116.0,4.0,6.3786468723710446,0,Regular Buyers,3
15625,103.0,4.0,7.336455026785429,0,Regular Buyers,3
15626,74.0,2.0,6.517375808292013,0,Regular Buyers,3
15628,4.0,9.0,7.962499271193586,2,VIPs,1
15630,44.0,2.0,7.079479212140812,0,Regular Buyers,3
15632,15.0,8.0,8.097520633770152,2,VIPs,1
15634,16.0,1.0,5.499419786985366,0,Regular Buyers,3
15636,89.0,2.0,6.587219381659278,0,Regular Buyers,3
15637,52.0,1.0,5.413251904640136,0,Regular Buyers,3
15639,133.0,1.0,6.055190237988527,0,Regular Buyers,2
15640,3.0,13.0,8.656355735055985,2,VIPs,1
15641,104.0,4.0,7.543379273298417,0,Regular Buyers,3
15643,191.0,3.0,6.499787040655854,1,Inactive,2
15644,165.0,4.0,6.70196036600254,0,Regular Buyers,2
15645,18.0,1.0,6.417695870399948,0,Regular Buyers,3
15646,157.0,3.0,6.106220784406171,1,Inactive,2
15648,203.0,2.0,6.489736704802353,1,Inactive,2
15649,311.0,2.0,6.705639094860003,1,Inactive,2
15651,36.0,3.0,6.472809865551464,0,Regular Buyers,3
15652,90.0,1.0,5.825232851462975,0,Regular Buyers,3
15653,92.0,2.0,6.7781476070590925,0,Regular Buyers,3
15654,8.0,2.0,6.828203284222655,0,Regular Buyers,3
15655,242.0,1.0,6.330914488818843,1,Inactive,2
15656,44.0,4.0,6.619406317542652,0,Regular Buyers,3
15657,22.0,1.0,3.4339872044851463,0,Regular Buyers,3
15658,189.0,5.0,6.932545447789356,1,Inactive,2
15659,43.0,1.0,5.7283124723994785,0,Regular Buyers,3
15660,24.0,9.0,7.378920733047961,2,VIPs,1
15661,311.0,2.0,5.739149618493492,1,Inactive,2
15663,105.0,1.0,4.935480620495495,0,Regular Buyers,3
15664,50.0,1.0,5.959535187313809,0,Regular Buyers,3
15665,167.0,2.0,7.7155739928250275,0,Regular Buyers,3
15667,39.0,1.0,5.711486059041233,0,Regular Buyers,3
15668,217.0,1.0,4.34795265434013,1,Inactive,2
15669,39.0,4.0,6.529915065486092,0,Regular Buyers,3
15670,296.0,1.0,5.159342614257448,1,Inactive,2
15671,18.0,7.0,7.885378147031288,2,VIPs,1
15673,87.0,4.0,7.966246716160649,0,Regular Buyers,3
15674,72.0,4.0,7.6558119575766215,0,Regular Buyers,3
15675,80.0,3.0,5.782870880975165,0,Regular Buyers,3
15676,18.0,3.0,8.142284446073054,0,Regular Buyers,3
15677,48.0,1.0,6.489554414321968,0,Regular Buyers,3
15678,52.0,1.0,5.868449096211435,0,Regular Buyers,3
15679,23.0,4.0,6.6622127327244485,0,Regular Buyers,3
15680,8.0,3.0,7.1964468417270915,0,Regular Buyers,3
15681,24.0,5.0,7.263441734527154,0,Regular Buyers,3
15683,116.0,1.0,5.271716684750857,0,Regular Buyers,3
15687,8.0,9.0,8.004398964555403,2,VIPs,1
15689,119.0,2.0,5.541655625147766,0,Regular Buyers,3
15690,3.0,2.0,5.48380058667957,0,Regular Buyers,3
15691,251.0,1.0,4.925803358579558,1,Inactive,2
15692,27.0,1.0,5.25770368366274,0,Regular Buyers,3
15694,0.0,13.0,8.656355735055985,2,VIPs,1
15695,266.0,2.0,6.018544551511725,1,Inactive,2
15696,32.0,8.0,7.914785762145856,2,VIPs,1
15699,17.0,1.0,5.738666876509702,0,Regular Buyers,3
15700,171.0,2.0,6.54776054491873,1,Inactive,2
15701,1.0,4.0,7.34157458058683,0,Regular Buyers,3
15703,264.0,1.0,5.358941988364472,1,Inactive,2
15704,139.0,4.0,7.738322531443156,0,Regular Buyers,3
15705,200.0,1.0,4.970507503005476,1,Inactive,2
15706,63.0,4.0,6.967494803332995,0,Regular Buyers,3
15707,34.0,4.0,6.852855489000475,0,Regular Buyers,3
15708,40.0,7.0,8.121254561972354,2,VIPs,1
15709,283.0,1.0,4.899703733388974,1,Inactive,2
15712,8.0,5.0,6.978549194282216,0,Regular Buyers,3
15713,142.0,2.0,5.879694646264972,1,Inactive,2
15714,11.0,2.0,5.804773457796085,0,Regular Buyers,3
15716,145.0,4.0,7.0209143070410205,0,Regular Buyers,2
15717,233.0,1.0,5.01926462079431,1,Inactive,2
15719,32.0,13.0,8.526145004114058,2,VIPs,1
15720,23.0,1.0,6.3964795539357615,0,Regular Buyers,3
15721,11.0,1.0,6.230638915494719,0,Regular Buyers,3
15722,35.0,5.0,7.706864794070598,2,VIPs,3
15723,311.0,1.0,5.318610069815799,1,Inactive,2
15724,200.0,2.0,5.390212631252292,1,Inactive,2
15725,14.0,1.0,6.031286041294654,0,Regular Buyers,3
15727,16.0,7.0,8.552552613215992,2,VIPs,1
15729,212.0,1.0,4.454347296253507,1,Inactive,2
15730,65.0,3.0,7.022761128491225,0,Regular Buyers,3
15732,211.0,2.0,5.68738205328842,1,Inactive,2
15733,282.0,1.0,5.095588999976419,1,Inactive,2
15734,114.0,2.0,7.200760657465263,0,Regular Buyers,3
15737,14.0,8.0,7.095163874824649,2,VIPs,1
15738,18.0,13.0,8.479163129156776,2,VIPs,1
15739,65.0,1.0,6.109514213881797,0,Regular Buyers,3
15740,48.0,1.0,5.049086480470509,0,Regular Buyers,3
15743,15.0,4.0,6.666269533420063,0,Regular Buyers,3
15744,77.0,1.0,3.5779478934066544,1,Inactive,3
15745,18.0,4.0,6.999048309928502,0,Regular Buyers,3
15746,133.0,1.0,5.287660786359508,1,Inactive,2
15747,12.0,3.0,6.882478495797344,0,Regular Buyers,3
15748,39.0,1.0,5.012699828145135,0,Regular Buyers,3
15749,234.0,3.0,8.656355735055985,1,Inactive,2
15750,2.0,8.0,7.810547311984927,2,VIPs,1
15752,39.0,7.0,7.877920371424875,2,VIPs,1
15753,304.0,1.0,4.384523514872469,1,Inactive,2
15754,50.0,3.0,6.130291269692714,0,Regular Buyers,3
15755,9.0,6.0,7.768639003584553,2,VIPs,1
15756,60.0,4.0,6.280320929787532,0,Regular Buyers,3
15757,65.0,2.0,6.572869782822179,0,Regular Buyers,3
15758,24.0,1.0,5.32908902521479,0,Regular Buyers,3
15759,217.0,3.0,5.537491734934774,1,Inactive,2
15762,64.0,2.0,6.371184405464288,0,Regular Buyers,3
15763,31.0,2.0,6.992022895300703,0,Regular Buyers,3
15764,87.0,6.0,8.095894389365505,2,VIPs,3
15766,63.0,1.0,5.755932068980957,0,Regular Buyers,3
15768,115.0,3.0,6.434273608356567,0,Regular Buyers,2
15769,6.0,13.0,8.656355735055985,2,VIPs,1
15773,5.0,1.0,6.4562671745616536,0,Regular Buyers,3
15774,68.0,1.0,5.605066501717044,0,Regular Buyers,3
15775,244.0,1.0,4.662495252607361,1,Inactive,2
15776,132.0,1.0,5.491496433342773,1,Inactive,3
15777,240.0,4.0,6.954743821204941,1,Inactive,2
15780,183.0,3.0,6.166005916582974,1,Inactive,2
15781,24.0,3.0,5.847767371850795,0,Regular Buyers,3
15782,9.0,3.0,7.869302319258532,0,Regular Buyers,3
15783,10.0,1.0,5.510602174527371,0,Regular Buyers,3
15785,32.0,5.0,7.753610670940375,2,VIPs,3
15786,45.0,3.0,8.503743143691834,2,VIPs,3
15787,25.0,3.0,6.855461484261003,0,Regular Buyers,3
15789,311.0,1.0,5.864483085347192,1,Inactive,2
15790,9.0,1.0,5.402001477824919,0,Regular Buyers,3
15791,43.0,2.0,7.386278760989393,0,Regular Buyers,3
15793,14.0,3.0,6.873795104898541,0,Regular Buyers,3
15795,149.0,1.0,6.415113325649775,0,Regular Buyers,2
15796,0.0,8.0,7.9052793940097414,2,VIPs,1
15797,112.0,3.0,7.693208130326108,0,Regular Buyers,3
15799,75.0,3.0,6.785745824587275,0,Regular Buyers,3
15800,106.0,2.0,6.551194614227576,0,Regular Buyers,2
15801,45.0,3.0,6.97068312868461,0,Regular Buyers,3
15803,50.0,1.0,6.032654473932845,0,Regular Buyers,3
15804,0.0,13.0,8.344597781932357,2,VIPs,1
15805,22.0,13.0,8.617849057545314,2,VIPs,1
15806,45.0,3.0,6.666422298467717,0,Regular Buyers,3
15807,49.0,3.0,6.807824440357088,0,Regular Buyers,3
15808,305.0,4.0,8.225762769337907,1,Inactive,2
15809,35.0,5.0,6.247597901247849,0,Regular Buyers,3
15810,78.0,4.0,7.239200616174941,0,Regular Buyers,3
15811,21.0,6.0,7.705091289043697,2,VIPs,1
15812,106.0,5.0,7.496730126604398,0,Regular Buyers,3
15813,207.0,2.0,7.173889351861321,1,Inactive,2
15814,16.0,4.0,7.573700826991937,0,Regular Buyers,3
15815,63.0,5.0,7.65045423837133,2,VIPs,3
15819,48.0,4.0,7.552998152884997,0,Regular Buyers,3
15820,311.0,1.0,5.337441921232086,1,Inactive,2
15821,43.0,2.0,6.349069058864647,0,Regular Buyers,3
15822,2.0,2.0,6.787247283994098,0,Regular Buyers,3
15825,171.0,1.0,6.2802834730968256,1,Inactive,2
15826,55.0,3.0,7.411743581448863,0,Regular Buyers,3
15827,72.0,13.0,7.515938076938256,2,VIPs,1
15829,98.0,2.0,6.456989411643809,0,Regular Buyers,2
15830,37.0,1.0,6.3578422665081,0,Regular Buyers,3
15831,57.0,3.0,6.688055790070482,0,Regular Buyers,3
15832,253.0,1.0,6.7307674724187825,1,Inactive,2
15834,69.0,4.0,7.710765324397326,0,Regular Buyers,3
15835,43.0,4.0,6.861805576878038,0,Regular Buyers,3
15836,49.0,1.0,4.929931256681293,0,Regular Buyers,3
15837,64.0,1.0,5.97375871998905,0,Regular Buyers,3
15838,10.0,13.0,8.656355735055985,2,VIPs,1
15839,32.0,3.0,6.9560596108684605,0,Regular Buyers,3
15840,58.0,2.0,5.876502528638301,0,Regular Buyers,3
15841,72.0,4.0,7.110745101371203,0,Regular Buyers,3
15843,303.0,1.0,4.787074989285704,1,Inactive,2
15844,45.0,1.0,4.880830283212546,0,Regular Buyers,3
15845,17.0,8.0,8.219533507739182,2,VIPs,1
15847,37.0,2.0,5.966838807281578,0,Regular Buyers,3
15850,18.0,2.0,5.480013727948073,0,Regular Buyers,3
15852,186.0,2.0,5.085804607589853,1,Inactive,2
15853,51.0,1.0,4.716711560720999,0,Regular Buyers,3
15854,3.0,12.0,7.998217781509793,2,VIPs,1
15855,136.0,5.0,6.569817969665846,0,Regular Buyers,2
15856,3.0,13.0,8.656355735055985,2,VIPs,1
15857,18.0,1.0,5.697093486505405,0,Regular Buyers,3
15858,15.0,5.0,7.272294220477655,0,Regular Buyers,3
15860,40.0,8.0,6.885724370911315,2,VIPs,1
15861,11.0,8.0,8.06033794212576,2,VIPs,1
15862,7.0,4.0,6.726089507114236,0,Regular Buyers,3
15863,25.0,2.0,4.246206911531347,0,Regular Buyers,3
15864,21.0,6.0,7.569060853685924,2,VIPs,1
15865,40.0,3.0,6.798085491736212,0,Regular Buyers,3
15866,100.0,1.0,5.444709454763107,0,Regular Buyers,3
15867,4.0,13.0,8.244623023439669,2,VIPs,1
15869,276.0,2.0,5.014892884348897,1,Inactive,2
15870,32.0,1.0,5.872371278471126,0,Regular Buyers,3
15872,14.0,2.0,5.8914508229616045,0,Regular Buyers,3
15874,63.0,7.0,8.390922235063499,2,VIPs,1
15877,1.0,2.0,6.20310215823599,0,Regular Buyers,3
15880,311.0,1.0,5.8414552797812735,1,Inactive,2
15881,311.0,5.0,6.219376710497294,1,Inactive,2
15882,198.0,4.0,6.244322228405583,1,Inactive,2
15883,1.0,2.0,5.9851446183631625,0,Regular Buyers,3
15885,92.0,1.0,5.858932654816543,0,Regular Buyers,3
15886,59.0,1.0,5.204501070343752,0,Regular Buyers,3
15888,80.0,1.0,5.097668893061198,0,Regular Buyers,3
15889,156.0,2.0,6.060454085256045,1,Inactive,2
15891,226.0,1.0,6.259524101043024,1,Inactive,2
15894,252.0,2.0,5.575570243509278,1,Inactive,2
15895,149.0,1.0,5.1939008496276085,1,Inactive,2
15897,193.0,2.0,5.407395961574274,1,Inactive,2
15898,0.0,5.0,7.236972691462756,0,Regular Buyers,3
15899,311.0,1.0,4.047427642434349,1,Inactive,2
15900,23.0,1.0,5.863943626780142,0,Regular Buyers,3
15901,16.0,3.0,5.894127314219024,0,Regular Buyers,3
15903,9.0,7.0,8.54242419563319,2,VIPs,1
15904,7.0,1.0,5.110058217087329,0,Regular Buyers,3
15906,19.0,7.0,7.357996155136706,2,VIPs,1
15907,3.0,3.0,6.8748187787358725,0,Regular Buyers,3
15909,173.0,1.0,5.262379259742407,1,Inactive,2
15910,0.0,8.0,7.117351477910972,2,VIPs,1
15912,177.0,2.0,5.582066715972105,1,Inactive,2
15916,15.0,8.0,7.33242806619807,2,VIPs,1
15917,247.0,1.0,4.821087692210561,1,Inactive,2
15918,190.0,2.0,5.814816863409831,1,Inactive,2
15919,19.0,2.0,6.462857835330253,0,Regular Buyers,3
15920,153.0,3.0,5.103214475389349,1,Inactive,2
15921,172.0,1.0,5.820171947161762,1,Inactive,2
15922,311.0,1.0,5.914853444736142,1,Inactive,2
15923,311.0,1.0,4.852655068688459,1,Inactive,2
15925,193.0,1.0,5.3382589736409845,1,Inactive,2
15930,66.0,1.0,6.058258335716989,0,Regular Buyers,3
15932,3.0,8.0,7.822793226449505,2,VIPs,1
15933,20.0,3.0,7.010726943606016,0,Regular Buyers,3
15935,238.0,1.0,4.691714787388277,1,Inactive,2
15937,63.0,1.0,4.986001013137895,0,Regular Buyers,3
15938,111.0,5.0,6.0053181413965175,0,Regular Buyers,3
15939,89.0,13.0,8.656355735055985,2,VIPs,1
15940,310.0,1.0,3.6054978451748854,1,Inactive,2
15942,133.0,1.0,5.8243468240563,0,Regular Buyers,2
15944,276.0,1.0,5.787204082795274,1,Inactive,2
15945,311.0,1.0,5.204006687076795,1,Inactive,2
15947,82.0,1.0,7.443804106257556,0,Regular Buyers,3
15948,7.0,2.0,6.863008927569726,0,Regular Buyers,3
15949,16.0,2.0,5.901868013296226,0,Regular Buyers,3
15950,31.0,4.0,7.476761127694584,0,Regular Buyers,3
15951,8.0,2.0,6.56416577459204,0,Regular Buyers,3
15952,33.0,4.0,6.694029738646186,0,Regular Buyers,3
15953,14.0,8.0,7.414801770816047,2,VIPs,1
15955,23.0,13.0,8.393274873346142,2,VIPs,1
15957,31.0,1.0,6.063529362008149,0,Regular Buyers,3
15958,73.0,1.0,4.657288140250198,0,Regular Buyers,3
15963,19.0,2.0,6.156470381692249,0,Regular Buyers,3
15965,16.0,4.0,6.741275574785469,0,Regular Buyers,3
15967,22.0,2.0,6.039849867434441,0,Regular Buyers,3
15969,2.0,3.0,6.502939959715469,0,Regular Buyers,3
15970,303.0,1.0,5.752890048763229,1,Inactive,2
15971,17.0,12.0,8.341863137011034,2,VIPs,1
15973,311.0,1.0,5.732758582892719,1,Inactive,2
15974,38.0,7.0,8.14414202904651,2,VIPs,1
15975,83.0,1.0,5.91892073563227,0,Regular Buyers,3
15976,164.0,2.0,6.068286689709266,1,Inactive,2
15977,16.0,2.0,6.961987749755856,0,Regular Buyers,3
15978,76.0,1.0,7.002865438783795,0,Regular Buyers,3
15980,88.0,3.0,7.783165681301249,0,Regular Buyers,3
15981,24.0,8.0,8.134315065980752,2,VIPs,1
15983,21.0,4.0,7.2971045552041165,0,Regular Buyers,3
15984,2.0,10.0,7.951090911604787,2,VIPs,1
15985,122.0,2.0,7.04177905036834,0,Regular Buyers,3
15986,29.0,1.0,5.1306085221219275,0,Regular Buyers,3
15987,11.0,7.0,7.280890014259552,2,VIPs,1
15988,18.0,1.0,5.069092863667825,0,Regular Buyers,3
15990,43.0,2.0,6.675961925760257,0,Regular Buyers,3
15992,3.0,1.0,3.76096753050819,0,Regular Buyers,3
15993,8.0,7.0,7.933750278747753,2,VIPs,1
15994,54.0,1.0,6.059286733610594,0,Regular Buyers,3
15996,87.0,6.0,6.967607838128994,0,Regular Buyers,1
15998,36.0,5.0,8.036240236488123,2,VIPs,3
16000,2.0,3.0,8.656355735055985,2,VIPs,3
16003,29.0,5.0,7.914387503517288,2,VIPs,3
16005,11.0,4.0,6.423879880082695,0,Regular Buyers,3
16006,210.0,1.0,4.628886712605407,1,Inactive,2
16007,47.0,4.0,7.4401114480984,0,Regular Buyers,3
16008,23.0,3.0,6.173327665501776,0,Regular Buyers,3
16009,21.0,4.0,6.9014454135860985,0,Regular Buyers,3
16010,245.0,3.0,6.012491914300058,1,Inactive,2
16011,7.0,13.0,8.120799810480259,2,VIPs,1
16012,34.0,3.0,7.255796055544432,0,Regular Buyers,3
16013,3.0,13.0,8.656355735055985,2,VIPs,1
16014,37.0,3.0,6.497347978334654,0,Regular Buyers,3
16015,3.0,3.0,6.5597568705223015,0,Regular Buyers,3
16016,2.0,8.0,7.319705976779256,2,VIPs,1
16017,46.0,1.0,5.360728626669434,0,Regular Buyers,3
16018,38.0,2.0,6.015913227510292,0,Regular Buyers,3
16019,46.0,9.0,8.239392800596635,2,VIPs,1
16020,16.0,3.0,6.747598263849638,0,Regular Buyers,3
16022,259.0,1.0,6.4445763086835,1,Inactive,2
16023,45.0,3.0,6.58037557967181,0,Regular Buyers,3
16024,11.0,1.0,5.509226380193904,0,Regular Buyers,3
16025,29.0,1.0,6.0882736030360425,0,Regular Buyers,3
16026,42.0,1.0,5.468439815884993,0,Regular Buyers,3
16027,91.0,6.0,6.841209411138237,0,Regular Buyers,1
16029,38.0,13.0,8.656355735055985,2,VIPs,1
16030,309.0,1.0,5.805857599322498,1,Inactive,2
16031,91.0,2.0,6.30980918136658,0,Regular Buyers,2
16033,5.0,13.0,8.656355735055985,2,VIPs,1
16034,195.0,3.0,6.083815808172169,1,Inactive,2
16036,86.0,2.0,6.633213164581927,0,Regular Buyers,3
16037,269.0,3.0,6.752293740354778,1,Inactive,2
16038,7.0,3.0,6.158630164012735,0,Regular Buyers,3
16040,64.0,3.0,7.181249680723068,0,Regular Buyers,3
16041,30.0,3.0,8.060666341057626,0,Regular Buyers,3
16042,21.0,5.0,7.088634128908167,0,Regular Buyers,3
16043,37.0,4.0,6.652850126044293,0,Regular Buyers,3
16045,119.0,4.0,7.201692745596426,0,Regular Buyers,3
16048,311.0,2.0,5.550786683244073,1,Inactive,2
16049,39.0,3.0,7.014625654228094,0,Regular Buyers,3
16050,173.0,1.0,4.933754249760298,1,Inactive,2
16052,53.0,1.0,5.894568109862285,0,Regular Buyers,3
16053,32.0,2.0,7.321816666315659,0,Regular Buyers,3
16054,144.0,1.0,6.665556321132768,0,Regular Buyers,2
16055,220.0,1.0,4.911183215124596,1,Inactive,2
16056,44.0,1.0,6.501064419948154,0,Regular Buyers,3
16057,15.0,7.0,7.724941441452005,2,VIPs,1
16059,65.0,6.0,7.286780582381662,2,VIPs,3
16062,9.0,4.0,7.051526564493091,0,Regular Buyers,3
16063,259.0,1.0,5.818063087688587,1,Inactive,2
16065,311.0,1.0,5.921819677402093,1,Inactive,2
16066,16.0,5.0,7.328351991405618,0,Regular Buyers,3
16070,21.0,2.0,6.748935381973274,0,Regular Buyers,3
16071,44.0,1.0,5.790693846645498,0,Regular Buyers,3
16072,287.0,1.0,6.3721587062242255,1,Inactive,2
16073,296.0,1.0,4.8154311114712876,1,Inactive,2
16076,2.0,10.0,7.712323075642278,2,VIPs,1
16078,283.0,1.0,4.384523514872469,1,Inactive,2
16079,16.0,3.0,7.210079628170788,0,Regular Buyers,3
16080,81.0,2.0,5.385228738537333,0,Regular Buyers,3
16081,55.0,5.0,7.940192151975948,2,VIPs,3
16083,100.0,2.0,7.184341014166175,0,Regular Buyers,3
16084,298.0,1.0,6.0803450096018565,1,Inactive,2
16085,22.0,5.0,6.890110521808668,0,Regular Buyers,3
16086,58.0,5.0,7.023215619268875,0,Regular Buyers,3
16091,154.0,2.0,5.755932068980957,1,Inactive,2
16092,114.0,3.0,6.707913129070193,0,Regular Buyers,3
16093,106.0,1.0,2.8903717578961645,1,Inactive,3
16094,11.0,4.0,6.984003102876341,0,Regular Buyers,3
16096,263.0,1.0,5.773370724425878,1,Inactive,2
16097,239.0,1.0,5.226015454792631,1,Inactive,2
16098,87.0,7.0,7.604211977042565,2,VIPs,1
16099,49.0,3.0,6.597009266931805,0,Regular Buyers,3
16101,70.0,1.0,7.16371445923797,0,Regular Buyers,3
16102,41.0,3.0,7.519225917888408,0,Regular Buyers,3
16103,6.0,6.0,7.265877175579781,2,VIPs,1
16104,61.0,1.0,5.7149202190666575,0,Regular Buyers,3
16105,248.0,1.0,5.822927545284644,1,Inactive,2
16106,65.0,1.0,4.694828057918627,0,Regular Buyers,3
16107,17.0,7.0,8.072517290105589,2,VIPs,1
16108,84.0,1.0,6.737559901986023,0,Regular Buyers,3
16109,218.0,2.0,6.418169158208565,1,Inactive,2
16110,44.0,3.0,7.199289920749408,0,Regular Buyers,3
16112,142.0,4.0,5.281883060084612,1,Inactive,2
16113,182.0,1.0,5.089939267434301,1,Inactive,2
16114,170.0,1.0,4.918154441302091,1,Inactive,2
16115,9.0,8.0,7.419961948665055,2,VIPs,1
16116,211.0,1.0,6.419636557751217,1,Inactive,2
16117,189.0,1.0,5.451939335203601,1,Inactive,2
16119,7.0,2.0,6.050582151591071,0,Regular Buyers,3
16120,58.0,4.0,7.1778892807139885,0,Regular Buyers,3
16121,56.0,2.0,6.7663184347416205,0,Regular Buyers,3
16122,72.0,4.0,6.530031789055632,0,Regular Buyers,3
16123,51.0,1.0,5.732629049213781,0,Regular Buyers,3
16124,311.0,1.0,5.521460917862246,1,Inactive,2
16125,311.0,1.0,5.671087091818059,1,Inactive,2
16126,28.0,4.0,8.656355735055985,2,VIPs,3
16127,38.0,1.0,6.488064463609991,0,Regular Buyers,3
16128,17.0,5.0,7.53967578152618,2,VIPs,3
16131,51.0,6.0,8.162670216045587,2,VIPs,1
16133,3.0,13.0,8.656355735055985,2,VIPs,1
16134,21.0,2.0,6.428250657915328,0,Regular Buyers,3
16135,262.0,1.0,6.251036455035743,1,Inactive,2
16136,59.0,3.0,6.5658000381285,0,Regular Buyers,3
16139,18.0,3.0,6.455843009727984,0,Regular Buyers,3
16140,65.0,2.0,6.587797917978567,0,Regular Buyers,3
16141,87.0,1.0,6.431974996958947,0,Regular Buyers,3
16142,249.0,1.0,6.284768288327816,1,Inactive,2
16143,2.0,6.0,7.793974357128903,2,VIPs,1
16144,246.0,1.0,5.171619713502079,1,Inactive,2
16145,8.0,11.0,8.242885284769901,2,VIPs,1
16146,156.0,3.0,6.600047354321349,0,Regular Buyers,2
16147,133.0,1.0,5.929589143389895,0,Regular Buyers,2
16148,295.0,1.0,4.34795265434013,1,Inactive,2
16149,4.0,2.0,5.640203493013329,0,Regular Buyers,3
16150,42.0,5.0,7.627554127539443,2,VIPs,3
16152,268.0,1.0,7.512093103520083,1,Inactive,2
16153,49.0,5.0,7.5094612854730665,0,Regular Buyers,3
16156,8.0,9.0,8.046562165398301,2,VIPs,1
16157,15.0,3.0,6.488733695691184,0,Regular Buyers,3
16159,281.0,1.0,5.855644823965447,1,Inactive,2
16160,64.0,2.0,6.933851783703411,0,Regular Buyers,3
16161,1.0,13.0,8.626327377813633,2,VIPs,1
16162,251.0,1.0,3.648057459593681,1,Inactive,2
16163,231.0,2.0,6.754137790316538,1,Inactive,2
16164,16.0,3.0,6.713539262741108,0,Regular Buyers,3
16168,10.0,13.0,8.239751836694179,2,VIPs,1
16169,7.0,4.0,7.5087707231305965,0,Regular Buyers,3
16170,50.0,6.0,7.542239973976665,2,VIPs,3
16171,58.0,1.0,4.3067641501733345,0,Regular Buyers,3
16172,94.0,5.0,7.039844382006876,0,Regular Buyers,3
16173,15.0,6.0,7.257933162659462,2,VIPs,1
16174,125.0,3.0,6.918250016074778,0,Regular Buyers,3
16175,93.0,4.0,6.945619303018016,0,Regular Buyers,3
16177,49.0,1.0,5.807992328556631,0,Regular Buyers,3
16178,137.0,1.0,5.292802185859927,1,Inactive,2
16179,60.0,1.0,5.379113636376126,0,Regular Buyers,3
16180,99.0,8.0,8.656355735055985,2,VIPs,1
16181,72.0,1.0,5.725348252570762,0,Regular Buyers,3
16182,71.0,4.0,8.656355735055985,2,VIPs,3
16183,66.0,1.0,5.828092312472438,0,Regular Buyers,3
16184,63.0,6.0,7.055994233228931,0,Regular Buyers,1
16185,16.0,2.0,6.273650292389248,0,Regular Buyers,3
16186,22.0,12.0,8.296032672592768,2,VIPs,1
16187,31.0,13.0,8.656355735055985,2,VIPs,1
16188,44.0,4.0,6.890466688844595,0,Regular Buyers,3
16189,15.0,2.0,5.3774981644224775,0,Regular Buyers,3
16190,39.0,1.0,5.37564870948436,0,Regular Buyers,3
16191,2.0,13.0,8.552853728502956,2,VIPs,1
16193,236.0,1.0,5.754000190816819,1,Inactive,2
16198,74.0,1.0,5.995658241267267,0,Regular Buyers,3
16200,3.0,2.0,6.986215196242002,0,Regular Buyers,3
16201,2.0,4.0,7.530732109384843,0,Regular Buyers,3
16202,311.0,1.0,5.903370766348874,1,Inactive,2
16203,58.0,4.0,6.386710955021814,0,Regular Buyers,3
16204,22.0,1.0,6.008100400759408,0,Regular Buyers,3
16205,30.0,4.0,6.627750328538272,0,Regular Buyers,3
16206,54.0,4.0,6.287970078106996,0,Regular Buyers,3
16207,24.0,1.0,5.979847327767791,0,Regular Buyers,3
16208,44.0,2.0,6.500177941687698,0,Regular Buyers,3
16209,88.0,5.0,7.724720580712637,2,VIPs,3
16210,1.0,13.0,8.656355735055985,2,VIPs,1
16211,88.0,1.0,6.306311782632405,0,Regular Buyers,3
16212,18.0,2.0,6.538631743276411,0,Regular Buyers,3
16213,78.0,1.0,5.075173815233827,0,Regular Buyers,3
16214,170.0,3.0,6.969555679887584,0,Regular Buyers,2
16215,80.0,1.0,5.494500736279464,0,Regular Buyers,3
16216,266.0,1.0,6.81993994254006,1,Inactive,2
16217,234.0,2.0,5.721131112990814,1,Inactive,2
16218,29.0,7.0,8.034527333444103,2,VIPs,1
16221,36.0,3.0,6.763723232676042,0,Regular Buyers,3
16222,311.0,1.0,6.742550392588373,1,Inactive,2
16224,56.0,4.0,7.167269331605997,0,Regular Buyers,3
16225,44.0,5.0,7.000626122386744,0,Regular Buyers,3
16226,202.0,3.0,5.545646084650602,1,Inactive,2
16227,224.0,1.0,5.753270807747395,1,Inactive,2
16229,86.0,2.0,6.91928851479581,0,Regular Buyers,3
16230,189.0,2.0,6.297164567026571,1,Inactive,2
16232,43.0,4.0,6.89960213222575,0,Regular Buyers,3
16233,70.0,3.0,6.287263587661711,0,Regular Buyers,3
16235,40.0,4.0,6.754965339594203,0,Regular Buyers,3
16236,77.0,1.0,6.071199515126835,0,Regular Buyers,3
16239,56.0,2.0,6.028760331851679,0,Regular Buyers,3
16240,23.0,2.0,8.221425182381026,0,Regular Buyers,3
16241,9.0,13.0,7.8666724563751735,2,VIPs,1
16242,7.0,7.0,8.189857885621135,2,VIPs,1
16243,33.0,2.0,6.016401032398013,0,Regular Buyers,3
16244,211.0,2.0,7.328929680795481,1,Inactive,2
16245,23.0,3.0,7.254644498519316,0,Regular Buyers,3
16247,169.0,1.0,4.749789875598035,1,Inactive,2
16248,61.0,1.0,5.036562916106171,0,Regular Buyers,3
16249,52.0,5.0,7.496136211716589,0,Regular Buyers,3
16250,260.0,2.0,5.967274308306765,1,Inactive,2
16253,66.0,2.0,8.21198781204284,0,Regular Buyers,3
16255,16.0,8.0,7.871276864694926,2,VIPs,1
16256,266.0,1.0,6.624636113950167,1,Inactive,2
16257,176.0,1.0,3.8701588013294472,1,Inactive,2
16258,44.0,5.0,8.557280836367838,2,VIPs,1
16260,50.0,1.0,6.9435566914455205,0,Regular Buyers,3
16261,16.0,4.0,6.617175679416844,0,Regular Buyers,3
16265,8.0,9.0,8.60300384782935,2,VIPs,1
16266,73.0,7.0,6.760287220618741,2,VIPs,1
16268,70.0,2.0,6.5052607543188055,0,Regular Buyers,3
16270,311.0,1.0,7.040746525754151,1,Inactive,2
16271,15.0,4.0,7.255054407002387,0,Regular Buyers,3
16272,116.0,1.0,6.022720936758536,0,Regular Buyers,3
16274,311.0,1.0,5.825262372193911,1,Inactive,2
16275,196.0,1.0,6.329489149614112,1,Inactive,2
16276,176.0,1.0,6.69900760795166,1,Inactive,2
16278,99.0,1.0,6.34102927325157,0,Regular Buyers,2
16279,20.0,3.0,7.320248962019425,0,Regular Buyers,3
16281,71.0,1.0,7.6319455965067835,0,Regular Buyers,3
16282,311.0,1.0,5.13167228913909,1,Inactive,2
16283,5.0,5.0,7.358900959582275,0,Regular Buyers,3
16284,30.0,2.0,6.715347022037144,0,Regular Buyers,3
16287,169.0,1.0,4.966335035199676,1,Inactive,2
16292,121.0,1.0,5.7145575478241595,0,Regular Buyers,3
16293,21.0,10.0,7.718681050744145,2,VIPs,1
16295,9.0,4.0,7.192595818099261,0,Regular Buyers,3
16297,268.0,1.0,5.713402718033191,1,Inactive,2
16298,22.0,3.0,6.3955954322030095,0,Regular Buyers,3
16302,126.0,1.0,5.4562608446139915,1,Inactive,3
16303,25.0,3.0,8.587023312312065,2,VIPs,3
16305,138.0,1.0,5.8922517620363895,1,Inactive,2
16306,213.0,6.0,6.450896871486089,1,Inactive,2
16308,37.0,4.0,7.848153086199526,0,Regular Buyers,3
16309,105.0,2.0,6.56183656455249,0,Regular Buyers,2
16311,17.0,2.0,6.425290328985104,0,Regular Buyers,3
16313,2.0,2.0,5.617316403505768,0,Regular Buyers,3
16315,311.0,1.0,5.426578646492048,1,Inactive,2
16316,63.0,8.0,7.986134247619265,2,VIPs,1
16317,119.0,3.0,7.202400551985058,0,Regular Buyers,3
16318,34.0,1.0,5.796513573913885,0,Regular Buyers,3
16319,217.0,1.0,6.004874234017899,1,Inactive,2
16320,171.0,2.0,6.946456626519212,1,Inactive,2
16321,71.0,5.0,5.92599225681032,0,Regular Buyers,3
16322,0.0,2.0,5.792251122643809,0,Regular Buyers,3
16323,195.0,1.0,5.339939041238856,1,Inactive,2
16324,127.0,3.0,6.0630407455972035,0,Regular Buyers,2
16325,46.0,3.0,6.38896468556185,0,Regular Buyers,3
16326,5.0,13.0,8.043008031745238,2,VIPs,1
16327,13.0,6.0,8.246596331942266,2,VIPs,1
16330,17.0,3.0,5.533033694214862,0,Regular Buyers,3
16332,27.0,7.0,7.374127321993823,2,VIPs,1
16333,7.0,13.0,8.656355735055985,2,VIPs,1
16337,36.0,1.0,5.024209414123374,0,Regular Buyers,3
16338,156.0,1.0,5.374352052824034,1,Inactive,2
16339,283.0,1.0,4.709079649378603,1,Inactive,2
16340,106.0,1.0,6.310045542855303,0,Regular Buyers,2
16341,24.0,4.0,7.587244614343444,0,Regular Buyers,3
16342,74.0,4.0,5.778920868124441,0,Regular Buyers,3
16343,15.0,2.0,5.917495026907807,0,Regular Buyers,3
16344,157.0,1.0,4.62595272517062,1,Inactive,2
16345,43.0,1.0,6.356819213038024,0,Regular Buyers,3
16347,10.0,2.0,6.789703457206,0,Regular Buyers,3
16348,31.0,7.0,7.291731138247317,2,VIPs,1
16349,290.0,1.0,3.9982007016691985,1,Inactive,2
16350,20.0,4.0,7.018822480489789,0,Regular Buyers,3
16351,311.0,1.0,5.042779747422823,1,Inactive,2
16352,17.0,2.0,6.205446256629806,0,Regular Buyers,3
16353,3.0,13.0,8.656355735055985,2,VIPs,1
16354,62.0,2.0,5.983432375410718,0,Regular Buyers,3
16356,197.0,3.0,5.360211770085627,1,Inactive,2
16357,32.0,3.0,6.492058000307724,0,Regular Buyers,3
16358,0.0,4.0,7.615051882646502,0,Regular Buyers,3
16359,6.0,9.0,7.468467608353334,2,VIPs,1
16360,4.0,6.0,8.164376509090179,2,VIPs,1
16361,9.0,4.0,6.799791377454196,0,Regular Buyers,3
16362,31.0,5.0,6.600917569890576,0,Regular Buyers,3
16363,52.0,1.0,4.703747749349086,0,Regular Buyers,3
16364,11.0,2.0,6.562500589272956,0,Regular Buyers,3
16365,17.0,9.0,7.340459348477051,2,VIPs,1
16366,18.0,1.0,5.793927824507547,0,Regular Buyers,3
16367,36.0,2.0,6.69145078789068,0,Regular Buyers,3
16368,1.0,2.0,6.211463158278113,0,Regular Buyers,3
16369,17.0,3.0,7.34767334227068,0,Regular Buyers,3
16370,81.0,4.0,7.186568135964853,0,Regular Buyers,3
16372,32.0,2.0,5.910606924147827,0,Regular Buyers,3
16374,65.0,2.0,6.144357293211124,0,Regular Buyers,3
16376,8.0,2.0,6.895692819154136,0,Regular Buyers,3
16377,266.0,1.0,6.51796665025898,1,Inactive,2
16378,246.0,3.0,5.897016495564267,1,Inactive,2
16379,3.0,4.0,7.677122485453491,0,Regular Buyers,3
16380,60.0,1.0,7.485261502995209,0,Regular Buyers,3
16383,74.0,2.0,6.506322031987343,0,Regular Buyers,3
16384,89.0,2.0,6.372466183037772,0,Regular Buyers,2
16385,59.0,3.0,6.322367733889242,0,Regular Buyers,3
16386,28.0,2.0,5.762680115903686,0,Regular Buyers,3
16387,311.0,1.0,4.55765920331704,1,Inactive,2
16389,52.0,4.0,7.2320609449898114,0,Regular Buyers,3
16392,269.0,1.0,5.403532871692347,1,Inactive,2
16393,1.0,13.0,8.021981696860243,2,VIPs,1
16394,56.0,5.0,7.350092189866152,0,Regular Buyers,3
16395,60.0,5.0,7.305121008833652,0,Regular Buyers,3
16398,153.0,2.0,7.4423755513138445,0,Regular Buyers,3
16399,18.0,2.0,6.010703289961011,0,Regular Buyers,3
16400,94.0,1.0,5.720082242069654,0,Regular Buyers,3
16401,0.0,12.0,8.318576385278623,2,VIPs,1
16402,264.0,2.0,5.705780477318874,1,Inactive,2
16403,311.0,1.0,5.184588601219694,1,Inactive,2
16404,69.0,1.0,6.095937168704513,0,Regular Buyers,3
16405,301.0,2.0,5.125450968524837,1,Inactive,2
16406,18.0,1.0,5.100293166026791,0,Regular Buyers,3
16407,12.0,10.0,7.662904955183649,2,VIPs,1
16409,35.0,5.0,7.61573195698808,2,VIPs,3
16411,18.0,2.0,5.373656723093852,0,Regular Buyers,3
16412,53.0,1.0,5.029326192539745,0,Regular Buyers,3
16413,56.0,1.0,5.572914199451162,0,Regular Buyers,3
16414,21.0,2.0,4.846153655430632,0,Regular Buyers,3
16415,43.0,1.0,5.3535155270127985,0,Regular Buyers,3
16416,26.0,3.0,6.958828549166138,0,Regular Buyers,3
16418,44.0,3.0,6.516592404584731,0,Regular Buyers,3
16419,112.0,6.0,6.880620436574819,0,Regular Buyers,1
16422,16.0,13.0,8.656355735055985,2,VIPs,1
16423,24.0,1.0,5.849670541490095,0,Regular Buyers,3
16424,190.0,1.0,4.902010196224638,1,Inactive,2
16425,301.0,1.0,5.716040372051703,1,Inactive,2
16426,1.0,10.0,7.554465773768493,2,VIPs,1
16427,262.0,2.0,5.489185629310458,1,Inactive,2
16429,105.0,1.0,5.654417145110872,0,Regular Buyers,3
16430,56.0,1.0,5.709930205242435,0,Regular Buyers,3
16431,212.0,3.0,6.467403651518229,1,Inactive,2
16432,63.0,1.0,5.664348405410794,0,Regular Buyers,3
16433,27.0,1.0,5.221760243825881,0,Regular Buyers,3
16434,28.0,7.0,7.328601489128603,2,VIPs,1
16438,5.0,5.0,6.683798897410901,0,Regular Buyers,3
16440,7.0,5.0,8.20019764662707,2,VIPs,1
16441,66.0,2.0,5.945944031806173,0,Regular Buyers,3
16442,1.0,3.0,6.426148593885366,0,Regular Buyers,3
16444,45.0,4.0,6.485657613592114,0,Regular Buyers,3
16445,33.0,1.0,5.444623069137621,0,Regular Buyers,3
16446,0.0,2.0,8.656355735055985,0,Regular Buyers,3
16447,135.0,1.0,5.560720091814363,1,Inactive,3
16448,197.0,1.0,5.246444957137325,1,Inactive,2
16449,197.0,2.0,6.563418195373777,1,Inactive,2
16450,149.0,1.0,5.74594756681688,1,Inactive,2
16451,87.0,1.0,5.590875033946567,0,Regular Buyers,3
16454,63.0,1.0,1.9315214116032138,1,Inactive,3
16455,63.0,7.0,7.518704931910683,2,VIPs,1
16456,98.0,5.0,7.67757179146855,0,Regular Buyers,3
16457,217.0,1.0,5.34405525822189,1,Inactive,2
16458,2.0,13.0,8.155861708321998,2,VIPs,1
16460,27.0,3.0,6.704071158824147,0,Regular Buyers,3
16461,177.0,1.0,5.026639868237972,1,Inactive,2
16462,73.0,3.0,4.919980925828125,0,Regular Buyers,3
16463,20.0,4.0,7.260803654865171,0,Regular Buyers,3
16464,19.0,3.0,7.182108921222586,0,Regular Buyers,3
16466,33.0,7.0,7.380542530354457,2,VIPs,1
16468,73.0,1.0,4.3294166844015844,0,Regular Buyers,3
16469,23.0,4.0,6.47916994643317,0,Regular Buyers,3
16470,51.0,4.0,6.637769040932695,0,Regular Buyers,3
16471,274.0,1.0,5.4158781552871815,1,Inactive,2
16473,164.0,3.0,5.759248716840184,1,Inactive,2
16474,6.0,7.0,7.534944264477532,2,VIPs,1
16475,87.0,4.0,6.301336101932016,0,Regular Buyers,3
16477,63.0,7.0,7.822228359929267,2,VIPs,1
16478,24.0,3.0,5.805134968916488,0,Regular Buyers,3
16479,9.0,2.0,5.709863944972069,0,Regular Buyers,3
16480,75.0,1.0,6.646767067319571,0,Regular Buyers,3
16482,15.0,1.0,5.400964203508179,0,Regular Buyers,3
16483,191.0,1.0,4.9441393028078915,1,Inactive,2
16484,173.0,2.0,6.004627533634263,1,Inactive,2
16485,76.0,1.0,5.898937989430242,0,Regular Buyers,3
16488,32.0,3.0,6.214208018400852,0,Regular Buyers,3
16491,46.0,1.0,6.596463340891223,0,Regular Buyers,3
16493,79.0,4.0,7.209806124401014,0,Regular Buyers,3
16494,296.0,1.0,6.7184453603705006,1,Inactive,2
16495,2.0,3.0,6.530017199354501,0,Regular Buyers,3
16496,8.0,3.0,7.378083855426812,0,Regular Buyers,3
16497,49.0,6.0,7.99520213218973,2,VIPs,1
16498,160.0,2.0,4.624678652376135,1,Inactive,2
16499,311.0,2.0,5.903862086371859,1,Inactive,2
16500,4.0,6.0,5.996103769256407,0,Regular Buyers,3
16503,106.0,4.0,7.267476578065607,0,Regular Buyers,3
16504,24.0,1.0,6.18493208931219,0,Regular Buyers,3
16505,31.0,1.0,6.657497435176356,0,Regular Buyers,3
16506,19.0,2.0,4.514150787600923,0,Regular Buyers,3
16509,296.0,1.0,5.8990750978146345,1,Inactive,2
16510,311.0,1.0,5.517854422268135,1,Inactive,2
16511,21.0,3.0,6.855682733689028,0,Regular Buyers,3
16513,4.0,4.0,6.774897944843427,0,Regular Buyers,3
16515,51.0,5.0,7.395187395954291,0,Regular Buyers,3
16516,29.0,1.0,4.631812116934513,0,Regular Buyers,3
16517,276.0,1.0,5.098035484377089,1,Inactive,2
16518,60.0,2.0,6.1848084671836725,0,Regular Buyers,3
16519,24.0,2.0,5.3658825527104606,0,Regular Buyers,3
16520,185.0,3.0,6.954228475339207,1,Inactive,2
16523,1.0,13.0,8.656355735055985,2,VIPs,1
16525,1.0,13.0,8.656355735055985,2,VIPs,1
16526,171.0,1.0,5.674559615979298,1,Inactive,2
16527,80.0,1.0,5.43398397796957,0,Regular Buyers,3
16528,3.0,1.0,5.502930281242811,0,Regular Buyers,3
16529,189.0,1.0,6.123040904896701,1,Inactive,2
16531,21.0,7.0,7.127364592228089,2,VIPs,1
16532,17.0,3.0,8.656355735055985,2,VIPs,3
16533,18.0,3.0,6.999933285923126,0,Regular Buyers,3
16535,4.0,1.0,6.388141149183067,0,Regular Buyers,3
16536,109.0,1.0,6.309863731284314,0,Regular Buyers,2
16539,2.0,4.0,7.236922326134238,0,Regular Buyers,3
16542,53.0,1.0,4.792645108022841,0,Regular Buyers,3
16545,164.0,1.0,5.82982758150686,1,Inactive,2
16546,290.0,2.0,6.669688427072551,1,Inactive,2
16549,9.0,10.0,8.332221726715554,2,VIPs,1
16550,108.0,5.0,7.740651358353913,2,VIPs,3
16551,95.0,3.0,6.827759236886412,0,Regular Buyers,3
16552,242.0,2.0,5.9420904624901825,1,Inactive,2
16553,162.0,12.0,8.651867430742618,2,VIPs,1
16554,41.0,3.0,6.73113742510486,0,Regular Buyers,3
16555,34.0,2.0,5.659098867029561,0,Regular Buyers,3
16556,66.0,7.0,8.106149552197078,2,VIPs,1
16557,23.0,2.0,5.644916721789165,0,Regular Buyers,3
16558,0.0,13.0,8.656355735055985,2,VIPs,1
16560,26.0,2.0,6.736266831594512,0,Regular Buyers,3
16561,5.0,2.0,6.238558972577978,0,Regular Buyers,3
16563,53.0,1.0,6.9835489723662585,0,Regular Buyers,3
16565,311.0,1.0,5.163070217140011,1,Inactive,2
16566,14.0,5.0,6.422694863102173,0,Regular Buyers,3
16567,193.0,2.0,6.764577509305809,1,Inactive,2
16569,2.0,1.0,4.829912458665998,0,Regular Buyers,3
16570,14.0,10.0,8.226680449731173,2,VIPs,1
16571,26.0,3.0,7.260304724743686,0,Regular Buyers,3
16572,126.0,3.0,6.918299492857808,0,Regular Buyers,3
16573,84.0,2.0,6.499200402451892,0,Regular Buyers,3
16574,70.0,1.0,6.11465515766318,0,Regular Buyers,3
16581,182.0,1.0,4.67133238824176,1,Inactive,2
16582,112.0,1.0,5.751365561394358,0,Regular Buyers,3
16583,311.0,1.0,5.457242345535596,1,Inactive,2
16584,79.0,2.0,6.842768657462584,0,Regular Buyers,3
16586,248.0,1.0,6.141929872924206,1,Inactive,2
16587,231.0,1.0,5.421198495923853,1,Inactive,2
16589,70.0,3.0,6.131748092555038,0,Regular Buyers,3
16591,68.0,1.0,5.368309738368072,0,Regular Buyers,3
16592,3.0,13.0,8.322316345810338,2,VIPs,1
16593,50.0,3.0,5.802209005711098,0,Regular Buyers,3
16594,74.0,1.0,5.204501070343752,0,Regular Buyers,3
16595,60.0,1.0,5.8893210734392785,0,Regular Buyers,3
16596,15.0,2.0,5.526050370196054,0,Regular Buyers,3
16597,3.0,1.0,4.511298970378021,0,Regular Buyers,3
16598,285.0,1.0,4.98394902883375,1,Inactive,2
16600,3.0,6.0,6.702598982682314,0,Regular Buyers,1
16601,40.0,1.0,5.499746864955492,0,Regular Buyers,3
16602,35.0,1.0,6.271139649157846,0,Regular Buyers,3
16603,74.0,2.0,6.180989265398516,0,Regular Buyers,3
16607,17.0,13.0,8.116330476031974,2,VIPs,1
16609,14.0,7.0,8.611495590853199,2,VIPs,1
16610,218.0,1.0,4.339380059952409,1,Inactive,2
16611,185.0,1.0,4.871296595474155,1,Inactive,2
16612,32.0,4.0,7.08058190121429,0,Regular Buyers,3
16613,69.0,1.0,6.429057968967668,0,Regular Buyers,3
16614,182.0,1.0,6.228885686840323,1,Inactive,2
16616,14.0,2.0,6.2174440732414,0,Regular Buyers,3
16617,235.0,1.0,5.029457048336844,1,Inactive,2
16618,30.0,5.0,7.881782701906185,2,VIPs,3
16619,263.0,1.0,5.425874699962912,1,Inactive,2
16620,3.0,2.0,5.192734603972972,0,Regular Buyers,3
16621,51.0,4.0,6.70254987279894,0,Regular Buyers,3
16623,245.0,1.0,4.870990011582737,1,Inactive,2
16624,80.0,2.0,6.6989706432467875,0,Regular Buyers,3
16625,274.0,1.0,5.811380485254219,1,Inactive,2
16626,0.0,13.0,8.392559241748096,2,VIPs,1
16627,78.0,1.0,5.780126041243535,0,Regular Buyers,3
16628,29.0,5.0,7.691222938742128,2,VIPs,3
16629,73.0,2.0,6.037226320804645,0,Regular Buyers,3
16633,16.0,6.0,7.966968171867508,2,VIPs,1
16634,222.0,2.0,5.388615004528817,1,Inactive,2
16637,31.0,4.0,7.052262466590724,0,Regular Buyers,3
16638,22.0,10.0,7.427572358185583,2,VIPs,1
16639,30.0,3.0,7.137683760511223,0,Regular Buyers,3
16641,105.0,1.0,5.447168313280391,0,Regular Buyers,3
16642,4.0,2.0,6.535720111358577,0,Regular Buyers,3
16643,245.0,1.0,6.191359942102381,1,Inactive,2
16644,177.0,2.0,6.72716821708184,1,Inactive,2
16647,169.0,2.0,5.37091705896238,1,Inactive,2
16648,42.0,1.0,5.675588740285419,0,Regular Buyers,3
16650,71.0,1.0,6.252712804455737,0,Regular Buyers,3
16652,58.0,7.0,8.656355735055985,2,VIPs,1
16653,15.0,2.0,7.101395866495808,0,Regular Buyers,3
16654,140.0,4.0,6.400705849743913,0,Regular Buyers,3
16655,17.0,6.0,8.241576702840911,2,VIPs,1
16656,21.0,13.0,8.656355735055985,2,VIPs,1
16657,9.0,4.0,6.8401400295665695,0,Regular Buyers,3
16658,311.0,1.0,4.822215178840431,1,Inactive,2
16659,188.0,1.0,3.691874963093735,1,Inactive,2
16660,15.0,4.0,7.145708621949827,0,Regular Buyers,3
16665,311.0,1.0,4.915591745409362,1,Inactive,2
16666,18.0,1.0,4.787325062224947,0,Regular Buyers,3
16667,67.0,2.0,6.347616854496022,0,Regular Buyers,3
16668,14.0,6.0,5.729190278590734,0,Regular Buyers,3
16669,23.0,2.0,7.223638436277685,0,Regular Buyers,3
16670,16.0,11.0,8.317985869145499,2,VIPs,1
16671,27.0,3.0,7.434416849630159,0,Regular Buyers,3
16672,1.0,13.0,8.656355735055985,2,VIPs,1
16674,54.0,2.0,5.770225431204915,0,Regular Buyers,3
16676,33.0,4.0,7.373449636639775,0,Regular Buyers,3
16678,2.0,12.0,8.042696282491956,2,VIPs,1
16679,311.0,1.0,4.873287102945032,1,Inactive,2
16680,42.0,1.0,5.218732887205194,0,Regular Buyers,3
16681,72.0,6.0,7.479491601287773,2,VIPs,3
16682,4.0,5.0,6.9363427358340495,0,Regular Buyers,3
16684,3.0,13.0,8.656355735055985,2,VIPs,1
16685,60.0,2.0,5.784563371339637,0,Regular Buyers,3
16686,46.0,7.0,8.02742104629252,2,VIPs,1
16688,0.0,4.0,7.1403421019236415,0,Regular Buyers,3
16689,75.0,2.0,6.048789613727251,0,Regular Buyers,3
16690,71.0,2.0,5.423098083445343,0,Regular Buyers,3
16692,255.0,2.0,7.027314514039777,1,Inactive,2
16693,68.0,2.0,6.180037357371996,0,Regular Buyers,3
16696,134.0,4.0,6.490571777919774,0,Regular Buyers,3
16697,240.0,1.0,4.7340030578310595,1,Inactive,2
16698,226.0,2.0,7.6004023345004,1,Inactive,2
16700,8.0,13.0,8.532584140771885,2,VIPs,1
16701,8.0,13.0,8.59402459452009,2,VIPs,1
16705,0.0,13.0,8.656355735055985,2,VIPs,1
16706,36.0,3.0,6.277301167760616,0,Regular Buyers,3
16708,45.0,1.0,6.488642463139346,0,Regular Buyers,3
16709,84.0,5.0,8.016604986002726,2,VIPs,3
16710,18.0,10.0,7.817641545983298,2,VIPs,1
16711,2.0,5.0,7.4097601137223315,0,Regular Buyers,3
16712,8.0,11.0,8.199403739615335,2,VIPs,1
16713,18.0,13.0,8.656355735055985,2,VIPs,1
16714,311.0,2.0,7.045367085383807,1,Inactive,2
16715,77.0,1.0,5.712808285863513,0,Regular Buyers,3
16716,266.0,2.0,6.804836224974296,1,Inactive,2
16717,23.0,6.0,8.258261827796161,2,VIPs,1
16718,311.0,1.0,6.437351569715061,1,Inactive,2
16719,14.0,7.0,7.490763880431157,2,VIPs,1
16720,25.0,1.0,5.051393286568423,0,Regular Buyers,3
16721,261.0,1.0,5.681775419393111,1,Inactive,2
16722,16.0,13.0,8.46206307213662,2,VIPs,1
16723,90.0,2.0,6.380376741875078,0,Regular Buyers,2
16725,301.0,6.0,6.660024422032584,1,Inactive,2
16726,25.0,5.0,7.2320247928761745,0,Regular Buyers,3
16727,311.0,1.0,5.61247095620561,1,Inactive,2
16728,45.0,4.0,6.9619309154279065,0,Regular Buyers,3
16729,37.0,13.0,8.656355735055985,2,VIPs,1
16730,51.0,3.0,6.612188873366803,0,Regular Buyers,3
16732,31.0,1.0,6.404815149490137,0,Regular Buyers,3
16734,51.0,3.0,6.47929274564127,0,Regular Buyers,3
16735,78.0,5.0,7.741342432871859,2,VIPs,3
16737,52.0,1.0,6.036915810011899,0,Regular Buyers,3
16738,297.0,1.0,1.55814461804655,1,Inactive,2
16739,176.0,1.0,5.780743515792329,1,Inactive,2
16743,28.0,7.0,7.713824812307198,2,VIPs,1
16744,10.0,7.0,7.174540525720933,2,VIPs,1
16745,86.0,13.0,8.656355735055985,2,VIPs,1
16746,4.0,13.0,8.656355735055985,2,VIPs,1
16747,37.0,2.0,6.729895752508072,0,Regular Buyers,3
16748,17.0,5.0,7.324424057597627,0,Regular Buyers,3
16750,44.0,5.0,6.437639643463933,0,Regular Buyers,3
16751,30.0,1.0,7.476313818197086,0,Regular Buyers,3
16752,311.0,1.0,5.339939041238856,1,Inactive,2
16753,57.0,1.0,5.415744783424001,0,Regular Buyers,3
16754,311.0,1.0,7.602601016177664,1,Inactive,2
16755,113.0,3.0,7.311772672991101,0,Regular Buyers,3
16756,214.0,1.0,5.4823042026610525,1,Inactive,2
16757,311.0,1.0,4.680555912893981,1,Inactive,2
16758,64.0,1.0,5.91442150260967,0,Regular Buyers,3
16759,7.0,3.0,6.673032445794151,0,Regular Buyers,3
16761,96.0,1.0,5.760855699682501,0,Regular Buyers,3
16762,19.0,3.0,7.314805796331314,0,Regular Buyers,3
16763,198.0,1.0,6.418120207787174,1,Inactive,2
16764,3.0,13.0,7.9374639778918485,2,VIPs,1
16765,293.0,1.0,3.5553480614894135,1,Inactive,2
16766,272.0,2.0,7.044556320474283,1,Inactive,2
16767,30.0,11.0,8.627230752625026,2,VIPs,1
16768,47.0,3.0,6.17188847120203,0,Regular Buyers,3
16769,259.0,1.0,5.94382247363014,1,Inactive,2
16770,57.0,5.0,6.647818066838915,0,Regular Buyers,3
16771,32.0,5.0,7.712358857498197,2,VIPs,3
16773,56.0,1.0,5.150918839543312,0,Regular Buyers,3
16774,67.0,4.0,6.496050746083953,0,Regular Buyers,3
16775,9.0,11.0,7.4364168915956546,2,VIPs,1
16776,59.0,1.0,5.964298879035212,0,Regular Buyers,3
16777,79.0,2.0,5.426490680271019,0,Regular Buyers,3
16778,73.0,2.0,5.509145392139597,0,Regular Buyers,3
16779,1.0,13.0,8.656355735055985,2,VIPs,1
16780,99.0,2.0,6.054885256226418,0,Regular Buyers,2
16781,311.0,1.0,5.743804149005687,1,Inactive,2
16782,9.0,13.0,7.732325380902501,2,VIPs,1
16784,19.0,1.0,4.687671407499835,0,Regular Buyers,3
16788,122.0,2.0,6.391632315722667,0,Regular Buyers,2
16789,7.0,1.0,4.404277243608702,0,Regular Buyers,3
16790,3.0,6.0,7.343827183683202,2,VIPs,1
16791,28.0,7.0,7.444266193202463,2,VIPs,1
16792,281.0,2.0,4.7129477781615225,1,Inactive,2
16793,56.0,1.0,5.500604935982869,0,Regular Buyers,3
16794,0.0,10.0,7.1079904250609705,2,VIPs,1
16795,311.0,1.0,6.030396757109769,1,Inactive,2
16796,88.0,1.0,5.725609195882308,0,Regular Buyers,3
16800,10.0,1.0,7.092149685937022,0,Regular Buyers,3
16801,162.0,4.0,7.390631944012902,0,Regular Buyers,2
16803,64.0,1.0,5.809042985313694,0,Regular Buyers,3
16804,22.0,3.0,6.287839972628443,0,Regular Buyers,3
16805,173.0,2.0,6.134677051181064,1,Inactive,2
16806,102.0,4.0,6.65484815446224,0,Regular Buyers,3
16807,142.0,3.0,7.02339379457603,0,Regular Buyers,3
16808,98.0,2.0,5.667878920309847,0,Regular Buyers,3
16809,22.0,5.0,6.81967787944687,0,Regular Buyers,3
16810,191.0,1.0,5.738312717553024,1,Inactive,2
16811,4.0,2.0,6.3064030160165885,0,Regular Buyers,3
16812,311.0,1.0,6.174515004855747,1,Inactive,2
16813,7.0,10.0,7.434836068766861,2,VIPs,1
16814,13.0,13.0,8.656355735055985,2,VIPs,1
16816,102.0,4.0,6.035624962893636,0,Regular Buyers,3
16817,2.0,9.0,7.381346216137902,2,VIPs,1
16818,10.0,11.0,8.116885759599102,2,VIPs,1
16820,95.0,1.0,6.211824227045576,0,Regular Buyers,3
16823,226.0,1.0,5.8843803244983075,1,Inactive,2
16824,15.0,2.0,6.134785366552204,0,Regular Buyers,3
16825,38.0,2.0,6.654384452047831,0,Regular Buyers,3
16826,50.0,1.0,5.836855428880563,0,Regular Buyers,3
16828,111.0,1.0,4.740574822994295,1,Inactive,3
16829,156.0,1.0,5.289377524978562,1,Inactive,2
16830,38.0,1.0,5.789684903656904,0,Regular Buyers,3
16832,183.0,3.0,5.299067085438582,1,Inactive,2
16833,0.0,4.0,7.0098875895885335,0,Regular Buyers,3
16834,227.0,1.0,6.026976468109342,1,Inactive,2
16835,127.0,2.0,5.2031821714329975,1,Inactive,2
16836,39.0,2.0,5.5328755226775,0,Regular Buyers,3
16837,30.0,11.0,8.062111277564622,2,VIPs,1
16838,196.0,2.0,6.3798682672878515,1,Inactive,2
16839,8.0,13.0,8.656355735055985,2,VIPs,1
16841,36.0,6.0,7.534132116408228,2,VIPs,1
16842,100.0,3.0,7.142977587511544,0,Regular Buyers,3
16843,42.0,13.0,8.656355735055985,2,VIPs,1
16846,49.0,1.0,5.372125293692757,0,Regular Buyers,3
16847,42.0,1.0,5.270123632177254,0,Regular Buyers,3
16848,52.0,1.0,5.643395324641106,0,Regular Buyers,3
16849,186.0,1.0,4.8328633720008725,1,Inactive,2
16850,311.0,1.0,5.809372963868082,1,Inactive,2
16851,3.0,3.0,5.83904154065989,0,Regular Buyers,3
16852,9.0,2.0,4.982989993275932,0,Regular Buyers,3
16855,23.0,2.0,5.79727281774354,0,Regular Buyers,3
16856,14.0,1.0,3.594568774642695,0,Regular Buyers,3
16858,311.0,1.0,5.931422568022302,1,Inactive,2
16859,144.0,2.0,6.618485279775063,0,Regular Buyers,2
16861,59.0,2.0,5.163413604083235,0,Regular Buyers,3
16863,30.0,2.0,6.22217936391851,0,Regular Buyers,3
16866,140.0,3.0,5.341089458391906,1,Inactive,2
16869,22.0,4.0,6.717103118867857,0,Regular Buyers,3
16871,21.0,6.0,7.942127668587332,2,VIPs,1
16872,76.0,3.0,6.523591674293888,0,Regular Buyers,3
16873,4.0,6.0,8.656355735055985,2,VIPs,1
16875,66.0,5.0,7.648038876071995,2,VIPs,3
16877,11.0,6.0,6.750773929921596,0,Regular Buyers,1
16878,83.0,1.0,2.6602595372658615,1,Inactive,3
16880,30.0,7.0,7.326518244034276,2,VIPs,1
16881,66.0,1.0,6.07073772800249,0,Regular Buyers,3
16882,66.0,3.0,6.559785194721083,0,Regular Buyers,3
16883,186.0,2.0,5.626649418726377,1,Inactive,2
16884,37.0,2.0,6.0657367914825695,0,Regular Buyers,3
16885,14.0,3.0,6.158058910731007,0,Regular Buyers,3
16887,34.0,1.0,5.277502226834117,0,Regular Buyers,3
16889,194.0,3.0,7.364971243447073,1,Inactive,2
16891,1.0,5.0,6.697898071993661,0,Regular Buyers,3
16892,0.0,5.0,6.266327302097504,0,Regular Buyers,3
16893,311.0,1.0,4.989956282887855,1,Inactive,2
16895,64.0,1.0,5.394263707595246,0,Regular Buyers,3
16897,298.0,2.0,5.672566967503279,1,Inactive,2
16898,25.0,3.0,6.234038107285137,0,Regular Buyers,3
16899,7.0,6.0,7.156613359576336,2,VIPs,1
16900,16.0,3.0,6.783506384642142,0,Regular Buyers,3
16902,115.0,1.0,7.443008114269093,0,Regular Buyers,3
16903,28.0,1.0,5.924897302835869,0,Regular Buyers,3
16904,3.0,13.0,8.225896594434058,2,VIPs,1
16905,4.0,7.0,8.040263230419699,2,VIPs,1
16906,81.0,4.0,6.3643548092839675,0,Regular Buyers,3
16907,28.0,5.0,6.890253003845995,0,Regular Buyers,3
16909,71.0,1.0,5.940539605922692,0,Regular Buyers,3
16910,3.0,8.0,7.320566670286484,2,VIPs,1
16912,28.0,11.0,7.854140591872849,2,VIPs,1
16913,289.0,1.0,4.74005066818191,1,Inactive,2
16914,35.0,1.0,5.344532790344999,0,Regular Buyers,3
16915,8.0,6.0,6.4340327431676485,0,Regular Buyers,1
16916,23.0,2.0,6.358292771601228,0,Regular Buyers,3
16917,276.0,1.0,5.972587491338293,1,Inactive,2
16918,49.0,6.0,6.975245689005592,0,Regular Buyers,1
16919,155.0,11.0,7.862285473509961,2,VIPs,1
16921,60.0,1.0,5.1404347316311005,0,Regular Buyers,3
16923,11.0,13.0,8.656355735055985,2,VIPs,1
16924,20.0,3.0,6.742585781005748,0,Regular Buyers,3
16926,311.0,1.0,5.443499376392535,1,Inactive,2
16927,115.0,3.0,6.299041154397021,0,Regular Buyers,2
16928,79.0,13.0,7.951788178207204,2,VIPs,1
16929,3.0,7.0,7.167338757569021,2,VIPs,1
16930,25.0,3.0,5.944241903735643,0,Regular Buyers,3
16931,4.0,13.0,8.434945721706782,2,VIPs,1
16932,52.0,1.0,5.093382034882496,0,Regular Buyers,3
16933,0.0,2.0,6.335461969788099,0,Regular Buyers,3
16934,54.0,2.0,6.858491502676181,0,Regular Buyers,3
16936,25.0,1.0,5.574736246721107,0,Regular Buyers,3
16938,8.0,4.0,7.914756537547509,0,Regular Buyers,3
16940,51.0,3.0,8.023185352576407,0,Regular Buyers,3
16942,12.0,9.0,7.560908247315509,2,VIPs,1
16943,211.0,3.0,6.706532208766916,1,Inactive,2
16945,21.0,13.0,8.377126202519118,2,VIPs,1
16947,235.0,1.0,6.009991851721866,1,Inactive,2
16948,138.0,3.0,6.0776881138566,0,Regular Buyers,2
16949,3.0,6.0,7.160278975803028,2,VIPs,1
16950,56.0,3.0,7.072896766566239,0,Regular Buyers,3
16951,134.0,3.0,7.153638317265837,0,Regular Buyers,3
16952,108.0,2.0,5.127588355789889,0,Regular Buyers,3
16953,29.0,1.0,3.0819099697950434,0,Regular Buyers,3
16954,0.0,9.0,7.643041985736175,2,VIPs,1
16955,184.0,4.0,6.25319399473728,1,Inactive,2
16956,17.0,1.0,5.735733235888028,0,Regular Buyers,3
16957,238.0,2.0,6.03461981742191,1,Inactive,2
16959,86.0,1.0,4.773646335959993,0,Regular Buyers,3
16960,38.0,3.0,6.226734278220032,0,Regular Buyers,3
16961,115.0,1.0,5.46030865686874,0,Regular Buyers,3
16963,186.0,1.0,4.714472920878541,1,Inactive,2
16965,226.0,1.0,5.263052817447726,1,Inactive,2
16966,7.0,7.0,7.675996017275306,2,VIPs,1
16967,188.0,1.0,5.768383493840728,1,Inactive,2
16968,3.0,2.0,6.087751522419478,0,Regular Buyers,3
16969,38.0,3.0,6.479139244274806,0,Regular Buyers,3
16971,37.0,1.0,5.881119406601529,0,Regular Buyers,3
16976,266.0,1.0,5.5314904534994245,1,Inactive,2
16978,77.0,1.0,5.84450048159508,0,Regular Buyers,3
16979,3.0,6.0,7.52456122628536,2,VIPs,1
16980,254.0,2.0,6.984679282395341,1,Inactive,2
16982,60.0,1.0,5.95339916630119,0,Regular Buyers,3
16983,12.0,7.0,7.56644040598698,2,VIPs,1
16984,87.0,2.0,8.407902741450327,0,Regular Buyers,3
16985,16.0,10.0,8.606141358283566,2,VIPs,1
16986,29.0,2.0,7.535937180689723,0,Regular Buyers,3
16987,2.0,7.0,7.393909039942478,2,VIPs,1
16988,4.0,1.0,4.845131522228461,0,Regular Buyers,3
16989,6.0,6.0,7.033726918544073,2,VIPs,1
16990,218.0,1.0,5.19295685089021,1,Inactive,2
16992,10.0,5.0,7.38728216770102,0,Regular Buyers,3
16996,29.0,6.0,7.284793477350012,2,VIPs,1
16997,287.0,3.0,6.555356891810665,1,Inactive,2
16998,149.0,4.0,5.69035945432406,1,Inactive,2
16999,22.0,2.0,6.185838184926078,0,Regular Buyers,3
17001,0.0,11.0,8.291689356823657,2,VIPs,1
17002,85.0,3.0,7.309700867507591,0,Regular Buyers,3
17004,45.0,2.0,7.254135412741511,0,Regular Buyers,3
17006,4.0,4.0,6.6628516858853635,0,Regular Buyers,3
17007,50.0,6.0,6.7922658609726465,0,Regular Buyers,1
17010,17.0,1.0,5.279949709189852,0,Regular Buyers,3
17011,29.0,1.0,5.605434351638425,0,Regular Buyers,3
17014,7.0,3.0,6.3755868424430115,0,Regular Buyers,3
17015,28.0,3.0,7.519453763930569,0,Regular Buyers,3
17017,2.0,13.0,8.656355735055985,2,VIPs,1
17018,40.0,2.0,6.82556860799419,0,Regular Buyers,3
17019,10.0,4.0,7.149610666818088,0,Regular Buyers,3
17022,30.0,1.0,4.276666119016055,0,Regular Buyers,3
17024,44.0,3.0,4.573163389853005,0,Regular Buyers,3
17025,60.0,3.0,5.882681514648826,0,Regular Buyers,3
17026,184.0,2.0,5.048765669457523,1,Inactive,2
17027,78.0,6.0,6.792669851506807,0,Regular Buyers,1
17029,110.0,2.0,6.57507584059962,0,Regular Buyers,2
17030,63.0,1.0,4.996333509385396,0,Regular Buyers,3
17031,11.0,2.0,5.943717588610248,0,Regular Buyers,3
17033,85.0,3.0,6.9384202652929305,0,Regular Buyers,3
17034,15.0,3.0,6.615422408314929,0,Regular Buyers,3
17035,245.0,2.0,6.07426498720113,1,Inactive,2
17037,87.0,1.0,7.145448469088846,0,Regular Buyers,3
17038,29.0,1.0,4.730921391293652,0,Regular Buyers,3
17040,137.0,1.0,6.110868490605405,0,Regular Buyers,2
17041,26.0,3.0,6.987093122912967,0,Regular Buyers,3
17042,2.0,5.0,6.9521357346628685,0,Regular Buyers,3
17043,31.0,4.0,7.459442576481153,0,Regular Buyers,3
17044,24.0,1.0,6.855914466312751,0,Regular Buyers,3
17045,112.0,3.0,5.83023889860876,0,Regular Buyers,2
17046,156.0,1.0,6.466175827952961,1,Inactive,2
17047,84.0,3.0,7.004791241493732,0,Regular Buyers,3
17048,117.0,3.0,6.831252132996021,0,Regular Buyers,3
17049,2.0,9.0,8.64135230108571,2,VIPs,1
17050,95.0,6.0,8.080187879386058,2,VIPs,3
17051,193.0,1.0,5.513993103014726,1,Inactive,2
17052,27.0,1.0,6.027675929070554,0,Regular Buyers,3
17053,130.0,1.0,6.213567557246944,0,Regular Buyers,2
17054,27.0,5.0,7.213274813763555,0,Regular Buyers,3
17058,81.0,3.0,7.074023670453844,0,Regular Buyers,3
17059,29.0,5.0,8.037879154522797,2,VIPs,3
17060,265.0,1.0,5.460606269591755,1,Inactive,2
17061,73.0,11.0,8.56278395725042,2,VIPs,1
17062,311.0,4.0,6.281013625618804,1,Inactive,2
17063,20.0,7.0,7.287656394959027,2,VIPs,1
17064,58.0,3.0,6.757339283199166,0,Regular Buyers,3
17068,11.0,13.0,8.422198761757588,2,VIPs,1
17069,27.0,9.0,7.904962183102404,2,VIPs,1
17070,113.0,1.0,5.746650374883377,0,Regular Buyers,3
17071,27.0,9.0,7.795658881937399,2,VIPs,1
17073,17.0,4.0,7.276445746527383,0,Regular Buyers,3
17075,17.0,4.0,6.727575427100043,0,Regular Buyers,3
17076,35.0,3.0,6.735875021605469,0,Regular Buyers,3
17078,35.0,2.0,5.931873765694345,0,Regular Buyers,3
17079,77.0,1.0,4.785823685681349,0,Regular Buyers,3
17080,21.0,2.0,5.665110944007932,0,Regular Buyers,3
17081,24.0,2.0,5.673872944250057,0,Regular Buyers,3
17082,32.0,2.0,7.603324523974459,0,Regular Buyers,3
17083,108.0,3.0,7.249058683836842,0,Regular Buyers,3
17084,34.0,2.0,7.989814654309178,0,Regular Buyers,3
17085,122.0,5.0,7.3573329617086225,0,Regular Buyers,3
17086,6.0,6.0,7.626121762674929,2,VIPs,1
17088,27.0,4.0,7.596899458212264,0,Regular Buyers,3
17090,3.0,7.0,7.623128618300249,2,VIPs,1
17091,2.0,9.0,8.250296269962053,2,VIPs,1
17092,49.0,4.0,7.483683015038365,0,Regular Buyers,3
17094,311.0,1.0,5.713732805509369,1,Inactive,2
17095,22.0,3.0,7.18928848584704,0,Regular Buyers,3
17096,14.0,4.0,6.930621835101851,0,Regular Buyers,3
17097,1.0,8.0,6.862151034377116,2,VIPs,1
17100,17.0,2.0,6.880116831678181,0,Regular Buyers,3
17101,9.0,4.0,7.391865195080271,0,Regular Buyers,3
17102,261.0,1.0,3.2771447329921766,1,Inactive,2
17105,158.0,2.0,6.50246015642561,1,Inactive,2
17107,32.0,6.0,8.656355735055985,2,VIPs,1
17109,28.0,6.0,6.78676209631286,0,Regular Buyers,1
17110,164.0,1.0,5.101694025043222,1,Inactive,2
17111,46.0,1.0,5.519899699795292,0,Regular Buyers,3
17114,5.0,8.0,6.696565001785386,2,VIPs,1
17115,7.0,3.0,6.731614581263264,0,Regular Buyers,3
17117,287.0,1.0,4.763881877142913,1,Inactive,2
17118,311.0,1.0,5.062721607294587,1,Inactive,2
17119,2.0,2.0,6.410026844693401,0,Regular Buyers,3
17120,232.0,1.0,5.731592175295468,1,Inactive,2
17122,118.0,1.0,4.9367734454978,1,Inactive,3
17123,161.0,1.0,5.847305451408376,1,Inactive,2
17124,184.0,1.0,5.703415740750875,1,Inactive,2
17125,49.0,1.0,5.562026879608908,0,Regular Buyers,3
17126,151.0,5.0,6.9134888108298975,0,Regular Buyers,2
17128,311.0,1.0,5.063164491108096,1,Inactive,2
17131,4.0,5.0,7.8096103157799615,2,VIPs,3
17133,15.0,7.0,8.495609939749013,2,VIPs,1
17134,106.0,2.0,6.054439346269371,0,Regular Buyers,2
17135,15.0,7.0,7.039423687328594,2,VIPs,1
17138,275.0,1.0,5.9441108507245115,1,Inactive,2
17139,15.0,12.0,8.656355735055985,2,VIPs,1
17140,246.0,1.0,6.144872093737295,1,Inactive,2
17142,238.0,1.0,6.363028103540465,1,Inactive,2
17144,0.0,2.0,6.893220154004312,0,Regular Buyers,3
17146,105.0,3.0,6.621112666105018,0,Regular Buyers,3
17147,22.0,4.0,7.447512323761201,0,Regular Buyers,3
17148,51.0,1.0,4.835329072196206,0,Regular Buyers,3
17152,194.0,3.0,7.43277962214794,1,Inactive,2
17153,23.0,1.0,5.369614248430071,0,Regular Buyers,3
17154,74.0,1.0,5.800122427092944,0,Regular Buyers,3
17155,17.0,2.0,5.532203014394149,0,Regular Buyers,3
17157,7.0,2.0,5.768320995793772,0,Regular Buyers,3
17158,31.0,3.0,7.145172475411292,0,Regular Buyers,3
17159,21.0,3.0,7.33945977029367,0,Regular Buyers,3
17160,30.0,6.0,8.165940662434437,2,VIPs,1
17162,28.0,10.0,7.448019309392898,2,VIPs,1
17163,21.0,2.0,5.68391984555995,0,Regular Buyers,3
17164,32.0,7.0,7.811305190205457,2,VIPs,1
17165,283.0,1.0,5.073171812563154,1,Inactive,2
17166,38.0,2.0,5.334359957894966,0,Regular Buyers,3
17169,57.0,2.0,6.729561192451421,0,Regular Buyers,3
17171,288.0,1.0,5.420136689869131,1,Inactive,2
17172,78.0,1.0,5.764438468529548,0,Regular Buyers,3
17173,4.0,8.0,8.234193472948663,2,VIPs,1
17174,217.0,1.0,4.109233174715851,1,Inactive,2
17175,43.0,4.0,7.275650044659092,0,Regular Buyers,3
17176,201.0,1.0,5.7272711107251055,1,Inactive,2
17179,177.0,3.0,6.569186846877494,1,Inactive,2
17180,55.0,4.0,6.680892319236134,0,Regular Buyers,3
17181,56.0,2.0,5.4844649281755204,0,Regular Buyers,3
17183,7.0,6.0,8.116211019915529,2,VIPs,1
17186,46.0,2.0,4.976733742420574,0,Regular Buyers,3
17187,226.0,1.0,5.322766046950346,1,Inactive,2
17188,10.0,7.0,7.814088599978061,2,VIPs,1
17189,105.0,2.0,5.954281755980266,0,Regular Buyers,2
17190,58.0,2.0,6.09973582239177,0,Regular Buyers,3
17191,27.0,7.0,7.647848066418356,2,VIPs,1
17193,35.0,7.0,7.43855998506344,2,VIPs,1
17194,311.0,1.0,5.428380250846205,1,Inactive,2
17197,29.0,1.0,6.921668046035439,0,Regular Buyers,3
17198,23.0,3.0,6.541347409127499,0,Regular Buyers,3
17201,53.0,1.0,5.839565497125275,0,Regular Buyers,3
17203,35.0,6.0,8.178877256226862,2,VIPs,1
17204,174.0,4.0,7.355998866445309,0,Regular Buyers,2
17205,53.0,1.0,5.953451104909766,0,Regular Buyers,3
17206,52.0,1.0,5.324180026073764,0,Regular Buyers,3
17211,26.0,8.0,7.748554928800743,2,VIPs,1
17212,252.0,1.0,5.428687517709892,1,Inactive,2
17213,39.0,7.0,7.931008043401064,2,VIPs,1
17214,59.0,6.0,6.975526070700374,0,Regular Buyers,1
17217,233.0,1.0,4.740574822994295,1,Inactive,2
17218,3.0,10.0,7.581576918422193,2,VIPs,1
17219,31.0,1.0,4.746930131025923,0,Regular Buyers,3
17220,23.0,13.0,8.070671686317706,2,VIPs,1
17221,6.0,2.0,5.817497989896762,0,Regular Buyers,3
17222,64.0,1.0,5.872540235443819,0,Regular Buyers,3
17223,309.0,2.0,5.973275117907772,1,Inactive,2
17226,308.0,1.0,5.977593791422191,1,Inactive,2
17227,18.0,6.0,6.84622024286434,0,Regular Buyers,1
17228,15.0,8.0,7.553333799033199,2,VIPs,1
17229,95.0,2.0,5.767570714403068,0,Regular Buyers,3
17230,263.0,8.0,8.199576859581033,2,VIPs,1
17231,11.0,10.0,8.063163693649658,2,VIPs,1
17232,2.0,2.0,6.046236782954962,0,Regular Buyers,3
17233,34.0,1.0,5.256870176633863,0,Regular Buyers,3
17234,182.0,1.0,5.0165510945255605,1,Inactive,2
17235,24.0,2.0,6.311843696146471,0,Regular Buyers,3
17236,12.0,6.0,6.821249228838842,0,Regular Buyers,1
17237,10.0,2.0,5.754760719420831,0,Regular Buyers,3
17238,2.0,13.0,8.228350445643704,2,VIPs,1
17239,311.0,1.0,5.949339620807311,1,Inactive,2
17242,107.0,2.0,7.0353038099288,0,Regular Buyers,3
17243,0.0,13.0,8.656355735055985,2,VIPs,1
17244,52.0,1.0,6.862653305069717,0,Regular Buyers,3
17245,204.0,1.0,5.15010733938285,1,Inactive,2
17247,14.0,1.0,5.646118050461663,0,Regular Buyers,3
17248,119.0,1.0,5.767226647212736,0,Regular Buyers,3
17250,3.0,2.0,5.954593072332077,0,Regular Buyers,3
17251,311.0,1.0,5.6499596679586945,1,Inactive,2
17252,116.0,2.0,5.871723345495433,0,Regular Buyers,3
17253,17.0,1.0,5.188837265929216,0,Regular Buyers,3
17254,4.0,2.0,5.6110822193672805,0,Regular Buyers,3
17255,40.0,2.0,5.701813871561357,0,Regular Buyers,3
17256,106.0,2.0,5.484796933490655,0,Regular Buyers,3
17259,147.0,2.0,6.40418659316403,0,Regular Buyers,2
17262,51.0,5.0,7.134380761332616,0,Regular Buyers,3
17263,207.0,1.0,4.165734558308774,1,Inactive,2
17265,138.0,2.0,6.334876930813136,0,Regular Buyers,2
17266,1.0,3.0,5.741848675462657,0,Regular Buyers,3
17267,126.0,2.0,5.763999170144749,0,Regular Buyers,3
17268,107.0,4.0,6.639405134829848,0,Regular Buyers,3
17272,41.0,4.0,7.673051013288749,0,Regular Buyers,3
17274,34.0,1.0,4.727210811897116,0,Regular Buyers,3
17277,227.0,2.0,6.9719968810436015,1,Inactive,2
17278,240.0,1.0,5.509550266836412,1,Inactive,2
17279,57.0,1.0,5.240847139393487,0,Regular Buyers,3
17282,129.0,3.0,7.440974288775877,0,Regular Buyers,3
17284,59.0,6.0,7.410697913471,2,VIPs,3
17286,21.0,1.0,5.0429088546465515,0,Regular Buyers,3
17287,25.0,7.0,6.97083335919483,2,VIPs,1
17288,8.0,7.0,7.258926103006179,2,VIPs,1
17289,31.0,3.0,6.851618695836513,0,Regular Buyers,3
17290,3.0,2.0,6.265757382440746,0,Regular Buyers,3
17291,307.0,1.0,6.313185661783185,1,Inactive,2
17293,7.0,9.0,7.536955763241639,2,VIPs,1
17295,28.0,3.0,6.324269352631711,0,Regular Buyers,3
17297,16.0,1.0,4.888693623291013,0,Regular Buyers,3
17298,100.0,2.0,6.21344742510144,0,Regular Buyers,2
17299,11.0,4.0,6.507441878013575,0,Regular Buyers,3
17301,20.0,1.0,5.291443797604864,0,Regular Buyers,3
17302,14.0,5.0,7.035823023024634,0,Regular Buyers,3
17303,311.0,1.0,5.525612288984722,1,Inactive,2
17306,10.0,13.0,8.656355735055985,2,VIPs,1
17309,94.0,1.0,4.427836170705175,0,Regular Buyers,3
17311,77.0,2.0,7.234068948784864,0,Regular Buyers,3
17312,138.0,3.0,6.469715324941794,0,Regular Buyers,2
17313,30.0,1.0,7.7535548746739895,0,Regular Buyers,3
17314,24.0,8.0,7.835547613113086,2,VIPs,1
17315,1.0,13.0,8.656355735055985,2,VIPs,1
17317,45.0,3.0,7.863781975859922,0,Regular Buyers,3
17320,99.0,3.0,7.091425925345387,0,Regular Buyers,3
17321,7.0,2.0,6.5537339539375346,0,Regular Buyers,3
17323,14.0,7.0,6.822926971905881,2,VIPs,1
17324,17.0,4.0,6.898946596200742,0,Regular Buyers,3
17325,279.0,1.0,4.582924577040772,1,Inactive,2
17329,13.0,2.0,6.261701585954275,0,Regular Buyers,3
17330,22.0,2.0,5.899623343442402,0,Regular Buyers,3
17331,123.0,1.0,5.171619713502079,1,Inactive,2
17333,85.0,1.0,6.20506268557866,0,Regular Buyers,3
17334,301.0,2.0,5.73016471593032,1,Inactive,2
17337,150.0,4.0,7.614519327751176,0,Regular Buyers,3
17338,16.0,8.0,8.656355735055985,2,VIPs,1
17339,93.0,2.0,5.498642547781566,0,Regular Buyers,3
17340,29.0,11.0,8.656355735055985,2,VIPs,1
17341,156.0,3.0,6.662314992669317,0,Regular Buyers,2
17343,311.0,1.0,5.271151698475267,1,Inactive,2
17344,45.0,1.0,5.084938485288739,0,Regular Buyers,3
17345,14.0,4.0,6.2892330797607725,0,Regular Buyers,3
17346,3.0,13.0,7.8926612110344125,2,VIPs,1
17347,85.0,1.0,5.43790538075509,0,Regular Buyers,3
17348,14.0,5.0,7.056623459516872,0,Regular Buyers,3
17349,178.0,1.0,4.716264233493678,1,Inactive,2
17350,7.0,4.0,7.160123596171431,0,Regular Buyers,3
17351,35.0,3.0,6.37698201740645,0,Regular Buyers,3
17353,128.0,2.0,7.462214939768189,0,Regular Buyers,3
17354,50.0,1.0,7.239975632001093,0,Regular Buyers,3
17356,311.0,1.0,5.188614101456073,1,Inactive,2
17357,23.0,2.0,5.96393917604323,0,Regular Buyers,3
17358,302.0,2.0,5.904953045160004,1,Inactive,2
17359,10.0,1.0,4.858726543710496,0,Regular Buyers,3
17360,16.0,3.0,6.374667004542158,0,Regular Buyers,3
17361,48.0,3.0,6.192771403813017,0,Regular Buyers,3
17362,238.0,2.0,5.746937744970129,1,Inactive,2
17364,0.0,11.0,8.407864814197026,2,VIPs,1
17365,12.0,8.0,8.475854396711101,2,VIPs,1
17367,237.0,1.0,5.132262782217954,1,Inactive,2
17368,22.0,8.0,7.55677814335483,2,VIPs,1
17370,72.0,4.0,6.102961198121657,0,Regular Buyers,3
17371,16.0,3.0,6.051830311894415,0,Regular Buyers,3
17372,40.0,8.0,7.203167397495829,2,VIPs,1
17373,39.0,4.0,6.473767231940735,0,Regular Buyers,3
17374,218.0,2.0,6.208127142322502,1,Inactive,2
17375,198.0,3.0,5.9942107727760074,1,Inactive,2
17376,70.0,2.0,5.319099905730565,0,Regular Buyers,3
17377,23.0,13.0,8.319210435760528,2,VIPs,1
17379,10.0,1.0,6.005515370330642,0,Regular Buyers,3
17381,8.0,13.0,8.656355735055985,2,VIPs,1
17382,64.0,1.0,4.1956970564823886,0,Regular Buyers,3
17383,3.0,1.0,5.299766316313141,0,Regular Buyers,3
17384,18.0,2.0,5.821269170111868,0,Regular Buyers,3
17385,14.0,1.0,5.568764262978113,0,Regular Buyers,3
17386,7.0,6.0,7.896336904550998,2,VIPs,1
17387,19.0,2.0,6.6658238353540185,0,Regular Buyers,3
17388,77.0,4.0,7.13931134565379,0,Regular Buyers,3
17389,0.0,13.0,8.656355735055985,2,VIPs,1
17391,163.0,2.0,6.234018491942015,1,Inactive,2
17392,306.0,2.0,6.115693430247754,1,Inactive,2
17394,218.0,1.0,5.3223756316411075,1,Inactive,2
17396,38.0,7.0,8.656355735055985,2,VIPs,1
17397,21.0,2.0,6.547373473112078,0,Regular Buyers,3
17398,114.0,3.0,6.483688222474311,0,Regular Buyers,2
17400,125.0,5.0,7.664327861392181,0,Regular Buyers,3
17402,4.0,12.0,7.863209030037616,2,VIPs,1
17403,35.0,1.0,5.6441032391546,0,Regular Buyers,3
17404,3.0,13.0,8.656355735055985,2,VIPs,1
17405,0.0,3.0,6.9396511539657,0,Regular Buyers,3
17406,311.0,3.0,7.6968578856756675,1,Inactive,2
17408,162.0,1.0,3.5160130560907366,1,Inactive,2
17409,184.0,2.0,6.6500849805983275,1,Inactive,2
17410,15.0,5.0,7.1030917728535865,0,Regular Buyers,3
17411,11.0,3.0,6.659216993647982,0,Regular Buyers,3
17412,2.0,7.0,7.138120689779327,2,VIPs,1
17414,43.0,2.0,6.658011045870748,0,Regular Buyers,3
17415,79.0,1.0,6.23213362528801,0,Regular Buyers,3
17416,29.0,7.0,8.656355735055985,2,VIPs,1
17418,41.0,2.0,6.1408754404446775,0,Regular Buyers,3
17419,10.0,12.0,8.349382638885205,2,VIPs,1
17420,49.0,3.0,6.3966462817363405,0,Regular Buyers,3
17422,15.0,6.0,7.591038974917671,2,VIPs,1
17423,45.0,2.0,6.550237122496749,0,Regular Buyers,3
17425,18.0,2.0,6.63354209247732,0,Regular Buyers,3
17426,7.0,6.0,8.524816063361785,2,VIPs,1
17427,71.0,1.0,4.623010104116422,0,Regular Buyers,3
17428,0.0,13.0,8.656355735055985,2,VIPs,1
17429,127.0,3.0,6.265149109915909,0,Regular Buyers,2
17430,32.0,2.0,5.586349377764106,0,Regular Buyers,3
17431,311.0,1.0,6.002157176646725,1,Inactive,2
17432,17.0,2.0,5.9047076831817,0,Regular Buyers,3
17433,87.0,1.0,5.7175538787401186,0,Regular Buyers,3
17434,1.0,7.0,7.77267692412289,2,VIPs,1
17436,1.0,2.0,5.381278887262384,0,Regular Buyers,3
17438,253.0,1.0,5.9647354873659575,1,Inactive,2
17440,156.0,3.0,5.233352087695677,1,Inactive,2
17442,36.0,6.0,7.7184899205194295,2,VIPs,1
17443,219.0,1.0,6.282715244436788,1,Inactive,2
17444,151.0,2.0,7.7790904850544305,0,Regular Buyers,3
17446,176.0,2.0,4.803201036487226,1,Inactive,2
17447,39.0,2.0,6.296243383424822,0,Regular Buyers,3
17449,1.0,7.0,7.831561697197955,2,VIPs,1
17450,7.0,13.0,8.656355735055985,2,VIPs,1
17451,0.0,7.0,7.451473946050154,2,VIPs,1
17453,17.0,2.0,6.189741470692064,0,Regular Buyers,3
17454,191.0,4.0,6.25099788520506,1,Inactive,2
17455,203.0,1.0,4.888090941338162,1,Inactive,2
17456,311.0,1.0,5.524895014596528,1,Inactive,2
17457,126.0,5.0,7.460892986533744,0,Regular Buyers,3
17458,14.0,1.0,5.760477818332746,0,Regular Buyers,3
17459,42.0,2.0,6.489660754473831,0,Regular Buyers,3
17460,93.0,6.0,6.435236489370733,0,Regular Buyers,1
17461,22.0,3.0,6.6312900617355215,0,Regular Buyers,3
17462,59.0,2.0,6.517213265531828,0,Regular Buyers,3
17463,15.0,5.0,7.548245077314868,2,VIPs,3
17464,157.0,1.0,5.673185800678734,1,Inactive,2
17466,9.0,2.0,6.638934214171274,0,Regular Buyers,3
17468,9.0,2.0,4.927253685157205,0,Regular Buyers,3
17469,15.0,5.0,7.5347466312681,2,VIPs,3
17470,44.0,5.0,7.02648897373005,0,Regular Buyers,3
17472,190.0,3.0,6.567080222875004,1,Inactive,2
17475,78.0,1.0,5.274895196603544,0,Regular Buyers,3
17480,77.0,1.0,6.239924906405982,0,Regular Buyers,3
17481,3.0,4.0,7.136156981955326,0,Regular Buyers,3
17483,64.0,3.0,6.028374901128079,0,Regular Buyers,3
17486,260.0,1.0,5.986125318762377,1,Inactive,2
17489,58.0,2.0,5.933941360864316,0,Regular Buyers,3
17490,0.0,7.0,7.646506601347098,2,VIPs,1
17491,0.0,10.0,8.177479306325386,2,VIPs,1
17492,247.0,1.0,5.92844487193968,1,Inactive,2
17495,7.0,2.0,6.211723943242329,0,Regular Buyers,3
17496,311.0,1.0,5.605985872931934,1,Inactive,2
17498,75.0,1.0,5.610277331459341,0,Regular Buyers,3
17499,289.0,1.0,6.435958042183625,1,Inactive,2
17500,16.0,3.0,7.037905963447182,0,Regular Buyers,3
17501,220.0,2.0,5.668500660511562,1,Inactive,2
17502,8.0,4.0,6.536836514626557,0,Regular Buyers,3
17503,2.0,2.0,6.327865352606625,0,Regular Buyers,3
17504,205.0,9.0,8.00571068528359,2,VIPs,1
17505,161.0,2.0,7.0447656130660885,0,Regular Buyers,2
17506,75.0,1.0,5.714392653768217,0,Regular Buyers,3
17507,261.0,2.0,6.407836624054821,1,Inactive,2
17508,280.0,1.0,5.961803989689555,1,Inactive,2
17509,57.0,8.0,8.656355735055985,2,VIPs,1
17510,24.0,1.0,5.7348934696812535,0,Regular Buyers,3
17511,2.0,13.0,8.656355735055985,2,VIPs,1
17512,28.0,10.0,7.981388163939233,2,VIPs,1
17513,71.0,1.0,6.2426122948317895,0,Regular Buyers,3
17514,127.0,1.0,5.345439473616771,1,Inactive,3
17515,30.0,4.0,6.461499425865447,0,Regular Buyers,3
17516,14.0,5.0,6.645194995304136,0,Regular Buyers,3
17517,308.0,1.0,5.043037945203756,1,Inactive,2
17519,16.0,6.0,7.520245396524275,2,VIPs,1
17520,53.0,1.0,6.305928511499892,0,Regular Buyers,3
17521,29.0,3.0,6.585081405576444,0,Regular Buyers,3
17522,1.0,5.0,6.972746822489577,0,Regular Buyers,3
17523,10.0,4.0,6.48270971889503,0,Regular Buyers,3
17524,311.0,1.0,4.983606621708336,1,Inactive,2
17525,311.0,1.0,6.049025657632514,1,Inactive,2
17526,4.0,4.0,7.087490159879325,0,Regular Buyers,3
17527,53.0,4.0,6.8462734148384685,0,Regular Buyers,3
17528,0.0,8.0,8.196850176724896,2,VIPs,1
17530,0.0,10.0,7.775448028218807,2,VIPs,1
17531,189.0,1.0,5.69608626802173,1,Inactive,2
17534,53.0,1.0,5.413251904640136,0,Regular Buyers,3
17535,279.0,1.0,5.108366782589591,1,Inactive,2
17536,176.0,1.0,4.350277936359301,1,Inactive,2
17537,29.0,2.0,6.80086025323236,0,Regular Buyers,3
17538,25.0,1.0,4.599353300666527,0,Regular Buyers,3
17540,24.0,2.0,6.362855674882395,0,Regular Buyers,3
17542,269.0,1.0,5.146039931102459,1,Inactive,2
17545,42.0,3.0,6.472284468787567,0,Regular Buyers,3
17548,233.0,1.0,4.647271362006727,1,Inactive,2
17549,23.0,2.0,5.0097015249361645,0,Regular Buyers,3
17550,196.0,3.0,5.591583817293718,1,Inactive,2
17551,311.0,1.0,5.729580167477342,1,Inactive,2
17552,59.0,4.0,6.836699567016301,0,Regular Buyers,3
17553,129.0,1.0,7.305591359925811,0,Regular Buyers,3
17554,0.0,5.0,7.577352319081822,2,VIPs,3
17555,19.0,2.0,6.182621952564336,0,Regular Buyers,3
17556,205.0,1.0,5.0682750735426705,1,Inactive,2
17557,13.0,3.0,6.29611434997733,0,Regular Buyers,3
17560,94.0,4.0,6.7522119632207875,0,Regular Buyers,3
17561,18.0,1.0,5.12764766249453,0,Regular Buyers,3
17562,13.0,7.0,7.024097276842117,2,VIPs,1
17564,23.0,3.0,6.120319396731415,0,Regular Buyers,3
17566,7.0,2.0,6.804847308929716,0,Regular Buyers,3
17567,6.0,8.0,8.373895405306746,2,VIPs,1
17569,311.0,1.0,5.843950131819433,1,Inactive,2
17571,49.0,4.0,7.31205971376955,0,Regular Buyers,3
17572,70.0,4.0,5.428248536140067,0,Regular Buyers,3
17573,28.0,3.0,5.944372939574132,0,Regular Buyers,3
17574,242.0,1.0,5.229235205360593,1,Inactive,2
17576,7.0,13.0,8.195245363043425,2,VIPs,1
17578,217.0,1.0,4.973002652622701,1,Inactive,2
17579,4.0,3.0,6.109025335847127,0,Regular Buyers,3
17580,252.0,3.0,5.364900670691189,1,Inactive,2
17581,0.0,13.0,8.656355735055985,2,VIPs,1
17582,235.0,1.0,5.1720169104318625,1,Inactive,2
17584,6.0,2.0,7.125524413958892,0,Regular Buyers,3
17585,108.0,4.0,7.0335682107776405,0,Regular Buyers,3
17588,99.0,3.0,7.123833932574225,0,Regular Buyers,3
17589,59.0,4.0,7.784856017231161,0,Regular Buyers,3
17590,1.0,3.0,7.299101178529418,0,Regular Buyers,3
17591,72.0,7.0,7.708397196129362,2,VIPs,1
17593,3.0,5.0,8.275972223773232,2,VIPs,1
17594,84.0,2.0,6.901918276781504,0,Regular Buyers,3
17595,11.0,2.0,5.965608132562755,0,Regular Buyers,3
17596,22.0,7.0,7.947653827269738,2,VIPs,1
17597,213.0,1.0,7.623333981206562,1,Inactive,2
17600,17.0,1.0,5.091723608778362,0,Regular Buyers,3
17601,238.0,1.0,4.7622594012308666,1,Inactive,2
17602,1.0,6.0,8.537773947264405,2,VIPs,1
17603,77.0,1.0,5.980706890455022,0,Regular Buyers,3
17604,216.0,2.0,5.737732914025749,1,Inactive,2
17608,32.0,2.0,5.270020767392923,0,Regular Buyers,3
17609,40.0,5.0,7.008251985473762,0,Regular Buyers,3
17611,6.0,13.0,8.290347796726813,2,VIPs,1
17612,52.0,6.0,7.625326743452606,2,VIPs,3
17613,22.0,13.0,8.425110796704255,2,VIPs,1
17614,56.0,1.0,5.968886572094735,0,Regular Buyers,3
17615,129.0,3.0,5.8009091853869235,0,Regular Buyers,2
17616,173.0,3.0,6.3494885806160095,1,Inactive,2
17618,5.0,3.0,6.879952334320048,0,Regular Buyers,3
17619,311.0,1.0,5.39144334453752,1,Inactive,2
17620,59.0,1.0,4.412070756022258,0,Regular Buyers,3
17621,20.0,3.0,7.230490739491305,0,Regular Buyers,3
17623,32.0,1.0,6.269190976192483,0,Regular Buyers,3
17624,14.0,2.0,6.7387210533149595,0,Regular Buyers,3
17625,17.0,4.0,7.6246189861593985,0,Regular Buyers,3
17628,80.0,1.0,4.340553386467307,0,Regular Buyers,3
17629,5.0,8.0,7.503906860215884,2,VIPs,1
17630,169.0,2.0,6.223766036206957,1,Inactive,2
17631,1.0,3.0,6.271612055889925,0,Regular Buyers,3
17633,30.0,4.0,7.189801499815289,0,Regular Buyers,3
17634,35.0,9.0,7.767674581380544,2,VIPs,1
17636,18.0,1.0,5.657947938312402,0,Regular Buyers,3
17637,30.0,2.0,6.3063847700056215,0,Regular Buyers,3
17639,275.0,1.0,4.695924549256556,1,Inactive,2
17640,86.0,1.0,6.434000623425246,0,Regular Buyers,3
17642,119.0,2.0,6.569888069839022,0,Regular Buyers,2
17643,311.0,1.0,4.63035048451839,1,Inactive,2
17644,0.0,11.0,7.971306723565063,2,VIPs,1
17646,218.0,3.0,6.917101466981717,1,Inactive,2
17647,64.0,1.0,4.8982874609298115,0,Regular Buyers,3
17648,60.0,4.0,7.494708263135679,0,Regular Buyers,3
17649,137.0,1.0,6.767906832865638,0,Regular Buyers,2
17650,20.0,1.0,5.118472739628975,0,Regular Buyers,3
17651,11.0,10.0,8.28045768658256,2,VIPs,1
17652,24.0,12.0,8.490586347854247,2,VIPs,1
17653,36.0,4.0,7.09718484723547,0,Regular Buyers,3
17654,276.0,1.0,4.775334812511415,1,Inactive,2
17655,10.0,7.0,7.878511468609366,2,VIPs,1
17656,72.0,5.0,7.4239802997335635,0,Regular Buyers,3
17658,25.0,2.0,6.39094511686889,0,Regular Buyers,3
17659,16.0,12.0,8.006520889229225,2,VIPs,1
17660,140.0,1.0,5.2832037287379885,1,Inactive,2
17663,25.0,7.0,7.4977118102428095,2,VIPs,1
17664,18.0,2.0,6.406285750140171,0,Regular Buyers,3
17666,3.0,2.0,6.591893186664721,0,Regular Buyers,3
17667,65.0,5.0,7.628765650289339,2,VIPs,3
17668,0.0,2.0,5.854355333135575,0,Regular Buyers,3
17669,42.0,7.0,8.133798724949507,2,VIPs,1
17670,227.0,1.0,5.331268466687723,1,Inactive,2
17671,15.0,4.0,7.361191168037922,0,Regular Buyers,3
17672,49.0,2.0,8.064375435416844,0,Regular Buyers,3
17673,1.0,6.0,7.396408910722918,2,VIPs,1
17674,73.0,2.0,6.313620507419839,0,Regular Buyers,3
17675,0.0,13.0,8.656355735055985,2,VIPs,1
17676,3.0,6.0,7.236108934642959,2,VIPs,1
17677,1.0,13.0,8.656355735055985,2,VIPs,1
17678,263.0,1.0,5.700811398711247,1,Inactive,2
17679,52.0,2.0,7.597451511865824,0,Regular Buyers,3
17680,23.0,1.0,5.2225156531317545,0,Regular Buyers,3
17682,9.0,6.0,7.814128999448025,2,VIPs,1
17684,43.0,1.0,5.482345799133678,0,Regular Buyers,3
17685,16.0,7.0,8.068568984886818,2,VIPs,1
17686,6.0,7.0,8.655294625475447,2,VIPs,1
17690,29.0,13.0,8.467782334657008,2,VIPs,1
17691,311.0,2.0,5.674696893761104,1,Inactive,2
17692,126.0,4.0,6.5883485939472175,0,Regular Buyers,3
17693,136.0,1.0,5.305640486927818,1,Inactive,2
17694,141.0,1.0,5.649396684129609,1,Inactive,2
17695,131.0,2.0,6.641625935491769,0,Regular Buyers,2
17696,37.0,8.0,7.734869382309582,2,VIPs,1
17697,235.0,1.0,5.828798547972468,1,Inactive,2
17698,260.0,1.0,5.049535443053812,1,Inactive,2
17700,16.0,4.0,7.838201349644471,0,Regular Buyers,3
17701,252.0,1.0,6.037751581059295,1,Inactive,2
17702,29.0,4.0,7.509537985193698,0,Regular Buyers,3
17703,34.0,3.0,6.684286674843982,0,Regular Buyers,3
17704,168.0,2.0,6.7869313745672155,1,Inactive,2
17705,2.0,9.0,7.5090722177237925,2,VIPs,1
17706,3.0,13.0,8.656355735055985,2,VIPs,1
17707,184.0,2.0,5.0330488889331555,1,Inactive,2
17708,187.0,2.0,5.591285443429055,1,Inactive,2
17709,169.0,1.0,4.9305092496169705,1,Inactive,2
17711,10.0,2.0,5.956096403270191,0,Regular Buyers,3
17712,44.0,1.0,6.261319913844147,0,Regular Buyers,3
17714,311.0,1.0,5.0369526024136295,1,Inactive,2
17715,200.0,1.0,5.791182664937034,1,Inactive,2
17716,22.0,11.0,8.640647227620185,2,VIPs,1
17718,231.0,1.0,4.9441393028078915,1,Inactive,2
17719,37.0,13.0,8.593605934116098,2,VIPs,1
17720,25.0,4.0,7.087523578988375,0,Regular Buyers,3
17722,95.0,4.0,7.793603298080906,0,Regular Buyers,3
17723,126.0,6.0,8.094805704112124,2,VIPs,3
17724,70.0,3.0,6.9411900550683745,0,Regular Buyers,3
17725,15.0,11.0,8.143250005910986,2,VIPs,1
17727,14.0,1.0,6.967202737625557,0,Regular Buyers,3
17728,3.0,3.0,7.964506839388399,0,Regular Buyers,3
17730,2.0,13.0,8.575363981519251,2,VIPs,1
17731,78.0,4.0,7.123761419471479,0,Regular Buyers,3
17732,311.0,1.0,5.7202134111139475,1,Inactive,2
17733,38.0,2.0,6.541304131886272,0,Regular Buyers,3
17734,53.0,3.0,6.553406199550885,0,Regular Buyers,3
17735,1.0,13.0,8.656355735055985,2,VIPs,1
17736,8.0,3.0,5.936057539836243,0,Regular Buyers,3
17737,8.0,2.0,5.131317825851867,0,Regular Buyers,3
17738,18.0,4.0,7.539053651215015,0,Regular Buyers,3
17739,11.0,7.0,7.934638814191774,2,VIPs,1
17742,112.0,2.0,5.875239671888878,0,Regular Buyers,3
17744,3.0,6.0,7.750786909079374,2,VIPs,1
17746,239.0,1.0,4.711779921046349,1,Inactive,2
17747,112.0,1.0,4.282206299391671,1,Inactive,3
17749,177.0,2.0,6.515482764659955,1,Inactive,2
17750,4.0,9.0,7.485648722511422,2,VIPs,1
17752,311.0,1.0,4.402319337941644,1,Inactive,2
17754,0.0,5.0,7.480574939429047,2,VIPs,3
17757,0.0,13.0,8.630939646588114,2,VIPs,1
17758,18.0,8.0,8.14835890712986,2,VIPs,1
17759,16.0,3.0,6.727120299117386,0,Regular Buyers,3
17760,21.0,2.0,5.665006995704794,0,Regular Buyers,3
17761,32.0,1.0,6.570574791610563,0,Regular Buyers,3
17763,262.0,1.0,2.772588722239781,1,Inactive,2
17764,50.0,2.0,6.7090848039668485,0,Regular Buyers,3
17765,158.0,3.0,5.921256652064486,1,Inactive,2
17767,14.0,1.0,5.6065370902173655,0,Regular Buyers,3
17768,7.0,3.0,7.72937482685066,0,Regular Buyers,3
17769,12.0,10.0,8.293794607584,2,VIPs,1
17770,198.0,5.0,7.042522158078838,1,Inactive,2
17771,56.0,2.0,5.5066721003888075,0,Regular Buyers,3
17772,10.0,2.0,5.213684975707333,0,Regular Buyers,3
17774,96.0,4.0,7.111846481470871,0,Regular Buyers,3
17775,254.0,1.0,4.050044303325521,1,Inactive,2
17777,24.0,3.0,6.502580128832101,0,Regular Buyers,3
17779,20.0,3.0,6.491588107540731,0,Regular Buyers,3
17781,158.0,2.0,5.24185282956691,1,Inactive,2
17783,71.0,2.0,5.650627799851681,0,Regular Buyers,3
17785,52.0,1.0,4.889897898613436,0,Regular Buyers,3
17786,84.0,2.0,5.6338606003511575,0,Regular Buyers,3
17787,152.0,4.0,7.531654198303087,0,Regular Buyers,3
17788,73.0,2.0,7.015667536176533,0,Regular Buyers,3
17789,280.0,1.0,5.424509391785796,1,Inactive,2
17790,26.0,13.0,7.584036017432181,2,VIPs,1
17791,29.0,1.0,4.673762977453703,0,Regular Buyers,3
17793,24.0,1.0,5.78086696496229,0,Regular Buyers,3
17795,179.0,2.0,5.861896717749893,1,Inactive,2
17796,39.0,4.0,6.5495076704830835,0,Regular Buyers,3
17797,21.0,3.0,6.6611255745126075,0,Regular Buyers,3
17799,21.0,10.0,8.025166423362391,2,VIPs,1
17800,36.0,9.0,7.0892514952763035,2,VIPs,1
17802,81.0,3.0,7.159323008512906,0,Regular Buyers,3
17805,73.0,1.0,6.240879951161022,0,Regular Buyers,3
17806,10.0,1.0,6.304521925890991,0,Regular Buyers,3
17809,15.0,12.0,8.596542120019182,2,VIPs,1
17811,3.0,13.0,8.656355735055985,2,VIPs,1
17812,12.0,4.0,6.597363959103647,0,Regular Buyers,3
17813,13.0,5.0,7.479796408781624,0,Regular Buyers,3
17816,36.0,4.0,3.6259396543400624,0,Regular Buyers,3
17817,3.0,3.0,5.9627563829712384,0,Regular Buyers,3
17819,71.0,7.0,8.217673327978565,2,VIPs,1
17824,50.0,1.0,5.701780471985528,0,Regular Buyers,3
17827,4.0,5.0,7.599130891241214,2,VIPs,3
17828,22.0,4.0,7.061411550895657,0,Regular Buyers,3
17829,298.0,1.0,6.7914910892950235,1,Inactive,2
17830,1.0,3.0,5.990714265717278,0,Regular Buyers,3
17831,32.0,1.0,3.594568774642695,0,Regular Buyers,3
17832,49.0,1.0,5.052224993855419,0,Regular Buyers,3
17835,2.0,3.0,5.862607924982978,0,Regular Buyers,3
17836,46.0,1.0,4.707997495787562,0,Regular Buyers,3
17837,41.0,8.0,7.370532863136133,2,VIPs,1
17838,26.0,5.0,7.930314114531487,2,VIPs,3
17839,41.0,1.0,5.828357209237832,0,Regular Buyers,3
17841,1.0,13.0,8.656355735055985,2,VIPs,1
17843,302.0,1.0,5.291947119540193,1,Inactive,2
17844,106.0,1.0,3.961955374176355,1,Inactive,3
17848,80.0,9.0,6.804836224974295,2,VIPs,1
17849,217.0,4.0,6.408199247474378,1,Inactive,2
17850,311.0,13.0,8.59271059842128,2,VIPs,1
17852,11.0,2.0,4.747884288187267,0,Regular Buyers,3
17854,184.0,2.0,5.743836174113374,1,Inactive,2
17855,311.0,1.0,5.346964663369558,1,Inactive,2
17856,1.0,4.0,7.25772881858561,0,Regular Buyers,3
17857,3.0,13.0,8.656355735055985,2,VIPs,1
17858,5.0,12.0,8.548044362073345,2,VIPs,1
17859,304.0,1.0,5.00535470965233,1,Inactive,2
17860,311.0,1.0,5.536546555280287,1,Inactive,2
17861,2.0,8.0,7.650549399431497,2,VIPs,1
17862,311.0,1.0,5.804833718725929,1,Inactive,2
17863,58.0,6.0,8.058643712215618,2,VIPs,1
17864,12.0,3.0,6.394426524998027,0,Regular Buyers,3
17865,30.0,13.0,8.656355735055985,2,VIPs,1
17866,142.0,1.0,5.801060414120672,1,Inactive,2
17867,29.0,6.0,7.088492247645854,2,VIPs,1
17869,106.0,5.0,6.061876411348347,0,Regular Buyers,3
17870,1.0,12.0,7.547158797032136,2,VIPs,1
17871,204.0,1.0,5.055608659738987,1,Inactive,2
17873,79.0,5.0,7.456327452933839,0,Regular Buyers,3
17874,184.0,6.0,6.528630206205813,1,Inactive,2
17877,169.0,1.0,5.474830419933934,1,Inactive,2
17878,43.0,1.0,5.941354762622532,0,Regular Buyers,3
17879,173.0,1.0,5.190286622334331,1,Inactive,2
17880,311.0,1.0,6.131052561315036,1,Inactive,2
17881,303.0,1.0,4.9004483350615,1,Inactive,2
17883,2.0,4.0,6.511403517890506,0,Regular Buyers,3
17884,3.0,4.0,6.577096113675216,0,Regular Buyers,3
17885,11.0,1.0,5.253267697994312,0,Regular Buyers,3
17886,31.0,3.0,6.803072311514464,0,Regular Buyers,3
17887,128.0,1.0,4.721618998631338,1,Inactive,2
17888,20.0,8.0,6.588995250959495,2,VIPs,1
17889,211.0,2.0,5.3223756316411075,1,Inactive,2
17890,311.0,2.0,6.402066439321299,1,Inactive,2
17891,161.0,1.0,5.3223268190083886,1,Inactive,2
17892,55.0,3.0,5.501666290534067,0,Regular Buyers,3
17893,224.0,1.0,4.7295977643631435,1,Inactive,2
17894,71.0,8.0,7.0214321179623305,2,VIPs,1
17895,43.0,1.0,4.59511985013459,0,Regular Buyers,3
17896,22.0,1.0,5.550320446542799,0,Regular Buyers,3
17897,172.0,3.0,6.3414169452858875,1,Inactive,2
17898,84.0,2.0,5.030830001381775,0,Regular Buyers,3
17899,158.0,1.0,5.054971107916307,1,Inactive,2
17900,189.0,2.0,4.729156165769083,1,Inactive,2
17901,28.0,1.0,4.7129477781615225,0,Regular Buyers,3
17904,20.0,1.0,5.260978880892669,0,Regular Buyers,3
17905,70.0,4.0,6.686160527657778,0,Regular Buyers,3
17906,246.0,1.0,4.302712827954156,1,Inactive,2
17908,311.0,1.0,5.498315108354934,1,Inactive,2
17911,8.0,1.0,5.9059883547555305,0,Regular Buyers,3
17912,309.0,5.0,5.743035238577902,1,Inactive,2
17913,58.0,2.0,6.022478600637151,0,Regular Buyers,3
17914,3.0,1.0,5.821358081393286,0,Regular Buyers,3
17917,44.0,3.0,5.835629115549854,0,Regular Buyers,3
17919,87.0,1.0,7.173988970628047,0,Regular Buyers,3
17920,3.0,13.0,8.341219444578417,2,VIPs,1
17921,63.0,4.0,6.718433276143438,0,Regular Buyers,3
17923,281.0,1.0,5.339939041238856,1,Inactive,2
17924,11.0,7.0,7.994126281227893,2,VIPs,1
17925,311.0,1.0,5.501584687857454,1,Inactive,2
17926,132.0,2.0,5.98718038316893,0,Regular Buyers,2
17928,44.0,2.0,5.22283922537208,0,Regular Buyers,3
17929,10.0,4.0,6.738152494595957,0,Regular Buyers,3
17930,35.0,5.0,7.462490605387541,0,Regular Buyers,3
17931,133.0,2.0,6.014594964496837,0,Regular Buyers,2
17932,28.0,3.0,7.19486468749322,0,Regular Buyers,3
17934,51.0,2.0,6.558552349882106,0,Regular Buyers,3
17935,137.0,2.0,4.9690491187753265,1,Inactive,2
17936,4.0,1.0,5.968298269076143,0,Regular Buyers,3
17937,8.0,7.0,8.366886447525236,2,VIPs,1
17939,159.0,1.0,4.606569206901799,1,Inactive,2
17940,48.0,9.0,7.714043627268763,2,VIPs,1
17941,130.0,1.0,5.722146158673159,0,Regular Buyers,3
17942,7.0,1.0,4.363098624788363,0,Regular Buyers,3
17946,232.0,2.0,5.014494504421976,1,Inactive,2
17947,36.0,1.0,5.179984179586172,0,Regular Buyers,3
17948,146.0,1.0,5.884881061705198,1,Inactive,2
17949,0.0,13.0,8.656355735055985,2,VIPs,1
17950,71.0,3.0,6.180430646620605,0,Regular Buyers,3
17951,39.0,3.0,6.917250060543926,0,Regular Buyers,3
17954,4.0,12.0,7.755218839925959,2,VIPs,1
17955,198.0,4.0,6.324896452316315,1,Inactive,2
17956,248.0,1.0,2.6210388241125804,1,Inactive,2
17957,65.0,1.0,4.715995741076976,0,Regular Buyers,3
17958,116.0,1.0,6.233351341239327,0,Regular Buyers,2
17960,170.0,1.0,4.314550469548967,1,Inactive,2
17961,20.0,13.0,7.1681483711962475,2,VIPs,1
17962,141.0,1.0,4.642754946315362,1,Inactive,2
17964,31.0,2.0,6.158460937799191,0,Regular Buyers,3
17965,37.0,13.0,7.872291264684285,2,VIPs,1
17966,37.0,5.0,7.0025471426656845,0,Regular Buyers,3
17967,311.0,1.0,4.82084592245478,1,Inactive,2
17968,311.0,1.0,5.628879314629517,1,Inactive,2
17969,165.0,2.0,5.434594984840585,1,Inactive,2
17970,210.0,1.0,6.369198681477835,1,Inactive,2
17972,241.0,1.0,4.920272854015864,1,Inactive,2
17973,51.0,1.0,5.823164231676282,0,Regular Buyers,3
17974,24.0,3.0,6.6090661842420575,0,Regular Buyers,3
17975,14.0,13.0,8.408830395644577,2,VIPs,1
17976,311.0,1.0,5.869833492313257,1,Inactive,2
17977,28.0,1.0,5.6669109998802965,0,Regular Buyers,3
17978,311.0,1.0,5.71016208162024,1,Inactive,2
17979,35.0,4.0,6.627128261004033,0,Regular Buyers,3
17980,165.0,3.0,6.700054373848785,0,Regular Buyers,2
17984,144.0,1.0,5.034872518460301,1,Inactive,2
17985,21.0,1.0,6.455119943897493,0,Regular Buyers,3
17986,55.0,1.0,3.0819099697950434,0,Regular Buyers,3
17987,184.0,1.0,5.2961650519798935,1,Inactive,2
17988,11.0,7.0,5.308861580423708,0,Regular Buyers,3
17990,236.0,3.0,6.448636197538339,1,Inactive,2
17991,224.0,2.0,4.547011271814559,1,Inactive,2
17994,121.0,4.0,6.521342516779448,0,Regular Buyers,3
17995,281.0,1.0,4.345103280569283,1,Inactive,2
17997,73.0,8.0,7.586636178360023,2,VIPs,1
17999,36.0,2.0,5.948191634874515,0,Regular Buyers,3
18001,11.0,2.0,6.036031520433107,0,Regular Buyers,3
18004,311.0,1.0,5.138559328162834,1,Inactive,2
18005,3.0,2.0,5.524336778607711,0,Regular Buyers,3
18006,22.0,1.0,6.09960120571256,0,Regular Buyers,3
18008,69.0,9.0,7.657845016753332,2,VIPs,1
18009,234.0,1.0,5.5542765468038695,1,Inactive,2
18010,256.0,1.0,5.169346985251076,1,Inactive,2
18011,311.0,1.0,4.642369626977198,1,Inactive,2
18013,154.0,2.0,5.237983327508337,1,Inactive,2
18014,27.0,1.0,5.07185581675988,0,Regular Buyers,3
18015,3.0,1.0,4.7960384487505126,0,Regular Buyers,3
18016,31.0,5.0,7.302873711036083,0,Regular Buyers,3
18017,80.0,3.0,6.261491684321042,0,Regular Buyers,3
18018,107.0,2.0,4.813321919483064,0,Regular Buyers,3
18019,51.0,1.0,3.6750340472918834,0,Regular Buyers,3
18022,35.0,1.0,6.5059484711261995,0,Regular Buyers,3
18024,152.0,2.0,5.968144741786365,1,Inactive,2
18027,98.0,1.0,4.7562590403509475,0,Regular Buyers,3
18030,3.0,2.0,5.4452276118626575,0,Regular Buyers,3
18032,311.0,1.0,4.310799125385514,1,Inactive,2
18033,64.0,1.0,4.5948167739086,0,Regular Buyers,3
18034,21.0,2.0,6.049450396306635,0,Regular Buyers,3
18035,35.0,3.0,6.594960505715281,0,Regular Buyers,3
18036,31.0,3.0,6.007879088376076,0,Regular Buyers,3
18037,153.0,6.0,4.262961527514942,1,Inactive,2
18040,18.0,2.0,5.881091489626612,0,Regular Buyers,3
18041,11.0,13.0,8.339116213637862,2,VIPs,1
18042,53.0,1.0,5.112288947822756,0,Regular Buyers,3
18043,24.0,3.0,6.328847083566265,0,Regular Buyers,3
18044,3.0,10.0,7.644727939082112,2,VIPs,1
18045,44.0,1.0,5.249127122357265,0,Regular Buyers,3
18048,202.0,2.0,5.1549664916521545,1,Inactive,2
18050,311.0,1.0,4.32280727501391,1,Inactive,2
18053,70.0,1.0,5.707176707724217,0,Regular Buyers,3
18055,6.0,10.0,8.656355735055985,2,VIPs,1
18056,287.0,1.0,5.898937989430242,1,Inactive,2
18058,9.0,1.0,5.142598791548616,0,Regular Buyers,3
18059,22.0,3.0,5.728344997484453,0,Regular Buyers,3
18061,21.0,10.0,7.659364745193834,2,VIPs,1
18062,172.0,3.0,6.581360097857453,1,Inactive,2
18064,132.0,2.0,6.703188113240863,0,Regular Buyers,2
18065,5.0,13.0,7.780649872736044,2,VIPs,1
18066,74.0,1.0,5.765191102784844,0,Regular Buyers,3
18067,39.0,1.0,5.98476716966025,0,Regular Buyers,3
18068,288.0,1.0,4.631812116934513,1,Inactive,2
18069,25.0,5.0,7.619562277217285,2,VIPs,3
18071,257.0,2.0,6.118097198041348,1,Inactive,2
18072,185.0,1.0,5.515201367691102,1,Inactive,2
18073,113.0,12.0,8.263208916550349,2,VIPs,1
18074,311.0,1.0,6.195629131824389,1,Inactive,2
18075,22.0,10.0,7.868158585474613,2,VIPs,1
18077,7.0,11.0,7.876262678803233,2,VIPs,1
18078,216.0,2.0,5.820468612643942,1,Inactive,2
18079,44.0,4.0,8.20329581433342,2,VIPs,3
18080,18.0,2.0,7.116799905916845,0,Regular Buyers,3
18081,35.0,3.0,5.841948942039205,0,Regular Buyers,3
18082,25.0,1.0,6.557303786277275,0,Regular Buyers,3
18084,15.0,1.0,4.516120369154581,0,Regular Buyers,3
18085,311.0,2.0,6.538067462249494,1,Inactive,2
18086,273.0,1.0,4.628300603376946,1,Inactive,2
18087,290.0,1.0,8.072130339087511,1,Inactive,2
18088,60.0,1.0,5.127944143269923,0,Regular Buyers,3
18092,1.0,11.0,8.656355735055985,2,VIPs,1
18093,92.0,4.0,7.653267179747945,0,Regular Buyers,3
18094,81.0,7.0,8.012449037966114,2,VIPs,1
18095,311.0,2.0,6.364836811668883,1,Inactive,2
18096,11.0,3.0,6.8158044502342285,0,Regular Buyers,3
18097,7.0,6.0,7.9005625087532705,2,VIPs,1
18099,126.0,1.0,5.131731354140141,1,Inactive,2
18101,10.0,2.0,5.414543635516169,0,Regular Buyers,3
18102,0.0,13.0,8.656355735055985,2,VIPs,1
18104,36.0,1.0,6.627565072288651,0,Regular Buyers,3
18105,37.0,1.0,4.740400135248196,0,Regular Buyers,3
18106,311.0,1.0,6.067730902561432,1,Inactive,2
18108,253.0,1.0,5.605802066295998,1,Inactive,2
18109,1.0,13.0,8.656355735055985,2,VIPs,1
18110,19.0,1.0,5.469325163441718,0,Regular Buyers,3
18112,11.0,2.0,5.868420823264403,0,Regular Buyers,3
18113,311.0,1.0,4.34795265434013,1,Inactive,2
18114,289.0,1.0,5.3986150878634005,1,Inactive,2
18116,67.0,8.0,7.2551886508388534,2,VIPs,1
18117,25.0,1.0,5.7697886682354715,0,Regular Buyers,3
18118,10.0,13.0,8.639839051022337,2,VIPs,1
18119,311.0,1.0,5.204665810466581,1,Inactive,2
18120,213.0,1.0,4.719837260966218,1,Inactive,2
18121,148.0,2.0,6.513378467859393,0,Regular Buyers,2
18122,7.0,6.0,7.509877584688659,2,VIPs,1
18123,23.0,2.0,6.380868021668796,0,Regular Buyers,3
18125,29.0,4.0,7.042277430642797,0,Regular Buyers,3
18126,60.0,1.0,5.325397370951779,0,Regular Buyers,3
18127,18.0,3.0,5.857161428207895,0,Regular Buyers,3
18129,242.0,1.0,4.732243268551567,1,Inactive,2
18130,14.0,3.0,6.966392043966783,0,Regular Buyers,3
18133,211.0,1.0,6.83786915151797,1,Inactive,2
18135,28.0,5.0,6.52636307929225,0,Regular Buyers,3
18136,62.0,3.0,6.666104011612187,0,Regular Buyers,3
18138,294.0,1.0,5.034677288576494,1,Inactive,2
18139,17.0,6.0,8.656355735055985,2,VIPs,1
18142,156.0,2.0,6.928067580294015,0,Regular Buyers,2
18143,116.0,2.0,6.908914606701983,0,Regular Buyers,3
18144,7.0,12.0,7.968925272174377,2,VIPs,1
18145,12.0,4.0,7.959468114958852,2,VIPs,3
18146,140.0,2.0,5.083575918497971,1,Inactive,2
18147,45.0,2.0,5.19484395807176,0,Regular Buyers,3
18149,50.0,3.0,6.4184954331307065,0,Regular Buyers,3
18150,31.0,3.0,6.341381708583334,0,Regular Buyers,3
18151,134.0,2.0,6.483642376501489,0,Regular Buyers,2
18154,2.0,2.0,5.991939434331194,0,Regular Buyers,3
18155,74.0,3.0,5.920559133592207,0,Regular Buyers,3
18156,12.0,2.0,6.601148593666668,0,Regular Buyers,3
18158,8.0,2.0,6.118977867406942,0,Regular Buyers,3
18159,300.0,1.0,6.275044467226023,1,Inactive,2
18160,56.0,2.0,6.459998346683129,0,Regular Buyers,3
18161,14.0,5.0,7.3899900518904555,0,Regular Buyers,3
18164,36.0,1.0,5.99308822822408,0,Regular Buyers,3
18165,176.0,1.0,5.715249806097095,1,Inactive,2
18167,22.0,3.0,7.234076164546975,0,Regular Buyers,3
18168,175.0,6.0,7.065562124027093,0,Regular Buyers,2
18169,60.0,1.0,5.316402834094422,0,Regular Buyers,3
18170,32.0,3.0,6.888888413724063,0,Regular Buyers,3
18171,58.0,5.0,7.116645735818236,0,Regular Buyers,3
18172,14.0,13.0,8.656355735055985,2,VIPs,1
18173,86.0,4.0,7.653419005452328,0,Regular Buyers,3
18174,6.0,1.0,4.653960350157523,0,Regular Buyers,3
18176,311.0,1.0,6.168249974444042,1,Inactive,2
18177,30.0,6.0,7.202229234290873,2,VIPs,1
18178,128.0,4.0,7.372627012548272,0,Regular Buyers,3
18179,8.0,6.0,7.4922977984414185,2,VIPs,1
18180,4.0,6.0,7.520099045938476,2,VIPs,1
18181,23.0,1.0,5.950121583573599,0,Regular Buyers,3
18183,226.0,2.0,6.450581000548326,1,Inactive,2
18184,14.0,1.0,3.927896354584436,0,Regular Buyers,3
18185,248.0,1.0,5.721131112990814,1,Inactive,2
18188,14.0,3.0,7.601921939695548,0,Regular Buyers,3
18189,77.0,2.0,6.995069943308846,0,Regular Buyers,3
18190,191.0,2.0,5.654101914201623,1,Inactive,2
18191,261.0,1.0,5.341376856008484,1,Inactive,2
18192,71.0,1.0,6.865859791808101,0,Regular Buyers,3
18193,164.0,1.0,5.500278138594339,1,Inactive,2
18194,81.0,1.0,6.882273354967445,0,Regular Buyers,3
18196,94.0,2.0,6.536879985642264,0,Regular Buyers,3
18198,3.0,13.0,8.599060694675584,2,VIPs,1
18200,105.0,1.0,5.1047326174753715,0,Regular Buyers,3
18202,199.0,3.0,7.242790769692349,1,Inactive,2
18203,156.0,1.0,5.084009663896226,1,Inactive,2
18204,70.0,3.0,7.598248942076519,0,Regular Buyers,3
18205,35.0,2.0,6.2506699815672135,0,Regular Buyers,3
18209,28.0,1.0,4.942356453342962,0,Regular Buyers,3
18210,1.0,6.0,7.871837581358896,2,VIPs,1
18211,25.0,5.0,6.3987114002985646,0,Regular Buyers,3
18212,311.0,1.0,5.519138222492601,1,Inactive,2
18213,236.0,1.0,5.453096420335591,1,Inactive,2
18215,88.0,1.0,5.7049151662521345,0,Regular Buyers,3
18216,30.0,1.0,6.179498921308624,0,Regular Buyers,3
18217,28.0,2.0,6.43414515414229,0,Regular Buyers,3
18218,210.0,2.0,6.496895646556665,1,Inactive,2
18219,2.0,10.0,7.635675797768084,2,VIPs,1
18220,226.0,1.0,5.724499716244923,1,Inactive,2
18221,21.0,5.0,6.949482463694109,0,Regular Buyers,3
18222,92.0,1.0,6.095824562432225,0,Regular Buyers,3
18223,4.0,13.0,8.656355735055985,2,VIPs,1
18224,263.0,1.0,5.074861266395527,1,Inactive,2
18225,2.0,12.0,8.614341680494203,2,VIPs,1
18226,43.0,11.0,8.561984896200169,2,VIPs,1
18227,217.0,1.0,4.5512418439625355,1,Inactive,2
18228,56.0,2.0,6.660447100668629,0,Regular Buyers,3
18229,11.0,13.0,8.656355735055985,2,VIPs,1
18230,8.0,7.0,7.941366717432833,2,VIPs,1
18231,191.0,5.0,7.642173953022541,0,Regular Buyers,2
18232,81.0,4.0,6.386828813036717,0,Regular Buyers,3
18233,311.0,1.0,6.089044875446846,1,Inactive,2
18235,71.0,3.0,7.494140962968628,0,Regular Buyers,3
18236,29.0,6.0,6.783596964352348,0,Regular Buyers,1
18237,2.0,5.0,6.895783907200917,0,Regular Buyers,3
18239,218.0,5.0,7.354112779132593,1,Inactive,2
18240,45.0,1.0,6.0487423982594555,0,Regular Buyers,3
18241,9.0,13.0,7.637277782254905,2,VIPs,1
18242,71.0,4.0,7.711320663504336,0,Regular Buyers,3
18245,6.0,7.0,7.850906029022887,2,VIPs,1
18246,23.0,2.0,6.392084603552947,0,Regular Buyers,3
18248,122.0,2.0,6.690867121830435,0,Regular Buyers,2
18249,16.0,1.0,4.567883601202075,0,Regular Buyers,3
18250,309.0,1.0,5.858704285656805,1,Inactive,2
18251,86.0,1.0,8.370019449389407,0,Regular Buyers,3
18252,50.0,2.0,6.268471088312343,0,Regular Buyers,3
18255,88.0,1.0,4.647271362006727,0,Regular Buyers,3
18257,38.0,8.0,7.757320566811742,2,VIPs,1
18259,24.0,3.0,7.757735253568871,0,Regular Buyers,3
18260,172.0,6.0,7.880123841075997,2,VIPs,2
18261,42.0,2.0,5.784563371339637,0,Regular Buyers,3
18262,139.0,1.0,5.013830184992775,1,Inactive,2
18263,25.0,3.0,7.10180775865179,0,Regular Buyers,3
18265,71.0,2.0,6.687744315985722,0,Regular Buyers,3
18268,133.0,1.0,3.2771447329921766,1,Inactive,2
18269,311.0,1.0,5.133442723357803,1,Inactive,2
18270,37.0,2.0,5.649502267743131,0,Regular Buyers,3
18272,2.0,6.0,8.03254850303289,2,VIPs,1
18273,1.0,3.0,5.3230099791384085,0,Regular Buyers,3
18274,29.0,1.0,5.175697653000126,0,Regular Buyers,3
18276,43.0,1.0,5.81966741377024,0,Regular Buyers,3
18277,57.0,1.0,4.7129477781615225,0,Regular Buyers,3
18278,73.0,1.0,5.164214382024556,0,Regular Buyers,3
18280,277.0,1.0,5.201806466167193,1,Inactive,2
18281,180.0,1.0,4.404521712501253,1,Inactive,2
18282,7.0,2.0,5.187665096444442,0,Regular Buyers,3
18283,3.0,13.0,7.644885851574993,2,VIPs,1
18287,42.0,3.0,7.516585630812605,0,Regular Buyers,3
